ENABLE,id,mst_unit_id,unit_grade,attack_kind,killer_colors,killer_percentage,action_frames,attack_delay,next_attack_interval,release_key
e,100001061,chara_glo_00101,0,Normal,,,43,25,48,1
e,100001062_grade0,chara_glo_00101,0,Special,,,49,20,48,1
e,100001062_grade1,chara_glo_00101,1,Special,,,49,20,48,1
e,100001062_grade2,chara_glo_00101,2,Special,,,49,20,48,1
e,100001062_grade3,chara_glo_00101,3,Special,,,49,20,48,1
e,100001062_grade4,chara_glo_00101,4,Special,,,49,20,48,1
e,100001062_grade5,chara_glo_00101,5,Special,,,49,20,48,1
e,100102011,chara_glo_00102,0,Normal,,,43,25,11,1
e,100102011_grade0,chara_glo_00102,0,Special,Red,300,49,20,11,1
e,100102011_grade1,chara_glo_00102,1,Special,Red,300,49,20,11,1
e,100102011_grade2,chara_glo_00102,2,Special,Red,300,49,20,11,1
e,100102011_grade3,chara_glo_00102,3,Special,Red,300,49,20,11,1
e,100102011_grade4,chara_glo_00102,4,Special,Red,300,49,20,11,1
e,100102011_grade5,chara_glo_00102,5,Special,Red,300,49,20,11,1
e,100111021,chara_glo_00111,0,Normal,,,43,25,127,1
e,100111022_grade0,chara_glo_00111,0,Special,,,49,20,127,1
e,100111022_grade1,chara_glo_00111,1,Special,,,49,20,127,1
e,100111022_grade2,chara_glo_00111,2,Special,,,49,20,127,1
e,100111022_grade3,chara_glo_00111,3,Special,,,49,20,127,1
e,100111022_grade4,chara_glo_00111,4,Special,,,49,20,127,1
e,100111022_grade5,chara_glo_00111,5,Special,,,49,20,127,1
e,100112031,chara_glo_00112,0,Normal,,,43,25,165,1
e,100112032_grade0,chara_glo_00112,0,Special,,,49,20,165,1
e,100112032_grade1,chara_glo_00112,1,Special,,,49,20,165,1
e,100112032_grade2,chara_glo_00112,2,Special,,,49,20,165,1
e,100112032_grade3,chara_glo_00112,3,Special,,,49,20,165,1
e,100112032_grade4,chara_glo_00112,4,Special,,,49,20,165,1
e,100112032_grade5,chara_glo_00112,5,Special,,,49,20,165,1
e,100113041,chara_glo_00113,0,Normal,,,43,25,139,1
e,100113042_grade0,chara_glo_00113,0,Special,,,49,20,139,1
e,100113042_grade1,chara_glo_00113,1,Special,,,49,20,139,1
e,100113042_grade2,chara_glo_00113,2,Special,,,49,20,139,1
e,100113042_grade3,chara_glo_00113,3,Special,,,49,20,139,1
e,100113042_grade4,chara_glo_00113,4,Special,,,49,20,139,1
e,100113042_grade5,chara_glo_00113,5,Special,,,49,20,139,1
e,100121051,chara_glo_00121,0,Normal,,,43,25,114,1
e,100121052_grade0,chara_glo_00121,0,Special,Red,300,49,20,114,1
e,100121052_grade1,chara_glo_00121,1,Special,Red,300,49,20,114,1
e,100121052_grade2,chara_glo_00121,2,Special,Red,300,49,20,114,1
e,100121052_grade3,chara_glo_00121,3,Special,Red,300,49,20,114,1
e,100121052_grade4,chara_glo_00121,4,Special,Red,300,49,20,114,1
e,100121052_grade5,chara_glo_00121,5,Special,Red,300,49,20,114,1
e,100122061,chara_glo_00122,0,Normal,,,43,25,70,1
e,100122062_grade0,chara_glo_00122,0,Special,,,49,20,70,1
e,100122062_grade1,chara_glo_00122,1,Special,,,49,20,70,1
e,100122062_grade2,chara_glo_00122,2,Special,,,49,20,70,1
e,100122062_grade3,chara_glo_00122,3,Special,,,49,20,70,1
e,100122062_grade4,chara_glo_00122,4,Special,,,49,20,70,1
e,100122062_grade5,chara_glo_00122,5,Special,,,49,20,70,1
e,100001021,chara_glo_00001,0,Normal,,,43,25,70,1
e,100001022_grade0,chara_glo_00001,0,Special,,,50,20,70,1
e,100001022_grade1,chara_glo_00001,1,Special,,,50,20,70,1
e,100001022_grade2,chara_glo_00001,2,Special,,,50,20,70,1
e,100001022_grade3,chara_glo_00001,3,Special,,,50,20,70,1
e,100001022_grade4,chara_glo_00001,4,Special,,,50,20,70,1
e,100001022_grade5,chara_glo_00001,5,Special,,,50,20,70,1
e,100001031,chara_glo_00002,0,Normal,,,43,25,48,1
e,100001032_grade0,chara_glo_00002,0,Special,,,50,20,48,1
e,100001032_grade1,chara_glo_00002,1,Special,,,50,20,48,1
e,100001032_grade2,chara_glo_00002,2,Special,,,50,20,48,1
e,100001032_grade3,chara_glo_00002,3,Special,,,50,20,48,1
e,100001032_grade4,chara_glo_00002,4,Special,,,50,20,48,1
e,100001032_grade5,chara_glo_00002,5,Special,,,50,20,48,1
e,300131001,chara_glo_00131,0,Normal,,,43,25,79,1
e,300131002_grade0,chara_glo_00131,0,Special,,,49,20,79,1
e,300131002_grade1,chara_glo_00131,1,Special,,,49,20,79,1
e,300131002_grade2,chara_glo_00131,2,Special,,,49,20,79,1
e,300131002_grade3,chara_glo_00131,3,Special,,,49,20,79,1
e,300131002_grade4,chara_glo_00131,4,Special,,,49,20,79,1
e,300131002_grade5,chara_glo_00131,5,Special,,,49,20,79,1
e,300132001,chara_glo_00132,0,Normal,,,43,25,348,1
e,300132002_grade0,chara_glo_00132,0,Special,,,49,20,348,1
e,300132002_grade1,chara_glo_00132,1,Special,,,49,20,348,1
e,300132002_grade2,chara_glo_00132,2,Special,,,49,20,348,1
e,300132002_grade3,chara_glo_00132,3,Special,,,49,20,348,1
e,300132002_grade4,chara_glo_00132,4,Special,,,49,20,348,1
e,300132002_grade5,chara_glo_00132,5,Special,,,49,20,348,1
e,2000101,e_1,0,Normal,,,50,15,25,1
e,2000201,e_2,0,Normal,,,30,15,50,1
e,2000301,e_3,0,Normal,,,27,9,25,1
e,2000401,e_4,0,Normal,,,150,20,50,1
e,2000501,e_5,0,Normal,,,160,80,50,1
e,2000601,e_6,0,Normal,,,50,15,25,1
e,2000603,e_6,0,Appearance,,,70,0,50,1
e,2000701,e_7,0,Normal,,,30,15,50,1
e,2000703,e_7,0,Appearance,,,70,0,50,1
e,2000801,e_8,0,Normal,,,27,9,25,1
e,2000803,e_8,0,Appearance,,,70,0,50,1
e,2000901,e_9,0,Normal,,,150,20,50,1
e,2000903,e_9,0,Appearance,,,70,0,50,1
e,2001001,e_10,0,Normal,,,160,80,50,1
e,2001003,e_10,0,Appearance,,,70,0,50,1
e,3000010,a2e_0001,0,Normal,,,56,25,60,1
e,3000011,a2e_0002,0,Normal,,,56,25,60,1
e,3000012,a2e_0003,0,Normal,,,56,25,60,1
e,3000013,a2e_0004,0,Normal,,,56,25,60,1
e,3000014,a2e_0005,0,Normal,,,56,25,50,1
e,3000101,a2e_0010,0,Normal,,,50,10,50,1
e,3000111,a2e_0010,0,Appearance,,,50,0,50,1
e,3000102,a2e_0011,0,Normal,,,50,10,50,1
e,3000103,a2e_0011,0,Appearance,,,50,0,50,1
e,3000104,a2e_0012,0,Normal,,,50,0,50,1
e,3000105,a2e_0012,0,Appearance,,,50,0,50,1
e,3001010,a2e_0101,0,Normal,,,40,15,30,1
e,3002010,a2e_0201,0,Normal,,,50,25,50,1
e,3002011,a2e_0202,0,Normal,,,50,25,50,1
e,3002012,a2e_0203,0,Normal,,,50,25,50,1
e,3003010,a2e_0301,0,Normal,,,50,25,100,1
e,3003110,a2e_0311,0,Normal,,,50,25,300,1
e,3003111,a2e_0311,0,Appearance,,,50,0,300,1
e,3003112,a2e_0312,0,Normal,,,50,25,100,1
e,3003114,a2e_0314,0,Normal,,,50,25,300,1
e,3004010,a2e_0401,0,Normal,,,50,25,200,1
e,3004020,a2e_0402,0,Normal,,,50,25,200,1
e,3004021,a2e_0402,0,Appearance,,,50,0,200,1
e,3005010,a2e_0501,0,Normal,,,92,42,200,1
e,3006010,a2e_0601,0,Normal,,,50,25,45,1
e,3006013,a2e_0601,0,Appearance,,,50,0,100,1
e,3006011,a2e_0602,0,Normal,,,50,25,100,1
e,3006012,a2e_0602,0,Appearance,,,50,0,100,1
e,3006014,a2e_0603,0,Normal,,,50,25,100,1
e,3007010,a2e_0701,0,Normal,,,40,15,22,1
e,3007011,a2e_0701,0,Appearance,,,40,0,22,1
e,3008010,a2e_0801,0,Normal,,,40,15,30,1
e,3008011,a2e_0801,0,Appearance,,,50,0,30,1
e,3008012,a2e_0802,0,Normal,,,40,15,30,1
e,3009010,a2e_0901,0,Normal,,,92,42,200,1
e,3009011,a2e_0901,0,Appearance,,,50,0,200,1
e,3009020,a2e_0902,0,Normal,,,92,42,400,1
e,3009021,a2e_0902,0,Appearance,,,50,0,1500,1
e,3009100,a2e_0910,0,Normal,,,43,25,75,1
e,3010010,a2e_1001,0,Normal,,,50,15,300,1
e,3010020,a2e_1002,0,Normal,,,49,20,200,1
e,3010021,a2e_1002,0,Appearance,,,49,0,50,1
e,3010031,a2e_1003,0,Normal,,,50,15,300,1
e,3010110,a2e_1010,0,Normal,,,74,25,120,1
e,3010111,a2e_1010,0,Appearance,,,74,0,250,1
e,3010120,a2e_1011,0,Normal,,,50,15,100,1
e,3019999,a2e_9999,0,Normal,,,49,20,25,1
e,3019988,a2e_9998,0,Normal,,,49,20,75,1
e,3010189,a2e_9998,0,Appearance,,,49,0,150,1
e,3009040,a2e_0904,0,Normal,,,92,42,400,1
e,3009041,a2e_0904,0,Appearance,,,50,0,400,1
e,3009050,a2e_0905,0,Normal,,,92,42,200,1
e,3009051,a2e_0905,0,Appearance,,,50,0,200,1
e,3009060,a2e_0906,0,Normal,,,92,42,400,1
e,3019977,a2e_9997,0,Normal,,,50,20,250,1
e,3019978,a2e_9978,0,Appearance,,,50,0,500,1
e,develop_3002012,develop_a2e_0203,0,Normal,,,50,25,50,1
e,cb_phantom_jig_00101_Normal_00000,cb_phantom_jig_00101,0,Normal,,,75,25,100,1
e,cb_phantom_jig_00101_Appearance_00001,cb_phantom_jig_00101,0,Appearance,,,50,0,50,1
e,en_phantom_jig_00401_Normal_00000,en_phantom_jig_00401,0,Normal,,,56,25,200,1
e,en_phantom_jig_00402_Normal_00000,en_phantom_jig_00402,0,Normal,,,56,25,200,1
e,en_phantom_jig_00001_Normal_00000,en_phantom_jig_00001,0,Normal,,,92,42,100,1
e,en_phantom_jig_00101_Normal_00000,en_phantom_jig_00101,0,Normal,,,92,42,100,1
e,eb_phantom_jig_00201_Normal_00000,eb_phantom_jig_00201,0,Normal,,,92,42,100,1
e,en_phantom_jig_00301_Normal_00000,en_phantom_jig_00301,0,Normal,,,56,25,100,1
e,cb_phantom_jig_00001_Normal_00000,cb_phantom_jig_00001,0,Normal,,,56,25,100,1
e,cb_phantom_jig_00001_Appearance_00001,cb_phantom_jig_00001,0,Appearance,,,50,0,50,1
e,cb_phantom_jig_00201_Normal_00000,cb_phantom_jig_00201,0,Normal,,,56,25,100,1
e,cb_phantom_jig_00201_Special_00001,cb_phantom_jig_00201,0,Special,,,128,83,0,1
e,cb_phantom_jig_00301_Normal_00000,cb_phantom_jig_00301,0,Normal,,,56,25,100,1
e,cb_phantom_jig_00301_Appearance_00001,cb_phantom_jig_00301,0,Appearance,,,50,0,50,1
e,eb_phantom_jig_00501_Normal_00000,eb_phantom_jig_00501,0,Normal,,,56,25,100,1
e,eb_phantom_jig_00501_Appearance_00001,eb_phantom_jig_00501,0,Appearance,,,50,0,50,1
e,phantom_gom_00501_Normal_00000,phantom_gom_00501,0,Normal,,,50,0,50,1
e,phantom_gom_00502_Normal_00000,phantom_gom_00502,0,Normal,,,50,0,50,1
e,phantom_gom_00402_Normal_00000,phantom_gom_00402,0,Normal,,,50,0,50,1
e,phantom_gom_00401_Normal_00000,phantom_gom_00401,0,Normal,,,50,0,50,1
e,phantom_gom_00301_Normal_00000,phantom_gom_00301,0,Normal,,,50,138,75,1
e,phantom_gom_00601_Normal_00000,phantom_gom_00601,0,Normal,,,50,0,50,1
e,phantom_gom_00602_Normal_00000,phantom_gom_00602,0,Normal,,,50,0,50,1
e,phantom_gom_00603_Normal_00000,phantom_gom_00603,0,Normal,,,50,0,50,1
e,phantom_gom_00604_Normal_00000,phantom_gom_00604,0,Normal,,,50,0,50,1
e,phantom_gom_00701_Normal_00000,phantom_gom_00701,0,Normal,,,50,0,50,1
e,phantom_gom_00801_Normal_00000,phantom_gom_00801,0,Normal,,,50,0,50,1
e,phantom_gom_00901_Normal_00000,phantom_gom_00901,0,Normal,,,50,0,50,1
e,phantom_gom_00201_Normal_00000,phantom_gom_00201,0,Normal,,,50,0,50,1
e,phantom_gom_00101_Normal_00000,phantom_gom_00101,0,Normal,,,50,0,50,1
e,phantom_gom_00001_Normal_00000,phantom_gom_00001,0,Normal,,,50,0,50,1
e,en_phantom_dan_00001_Normal_00000,en_phantom_dan_00001,0,Normal,,,58,25,100,1
e,en_phantom_dan_00002_Normal_00000,en_phantom_dan_00002,0,Normal,,,58,25,100,1
e,en_phantom_dan_00101_Normal_00000,en_phantom_dan_00101,0,Normal,,,70,35,100,1
e,eb_phantom_dan_00201_Normal_00000,eb_phantom_dan_00201,0,Normal,,,75,20,30,1
e,cb_phantom_dan_00001_Normal_00000,cb_phantom_dan_00001,0,Normal,,,75,20,100,1
e,en_phantom_dan_00202_Normal_00000,en_phantom_dan_00202,0,Normal,,,75,20,30,1
e,cn_phantom_dan_00001_Normal_00000,cn_phantom_dan_00001,0,Normal,,,75,20,100,1
e,cb_phantom_dan_00101_Normal_00000,cb_phantom_dan_00101,0,Normal,,,50,25,50,1
e,100140022,chara_glo_00140,0,Normal,,,50,25,50,1
e,100140022_grade0,chara_glo_00140,0,Special,,,117,34,0,1
e,100140022_grade1,chara_glo_00140,1,Special,,,117,34,0,1
e,100140022_grade2,chara_glo_00140,2,Special,,,117,34,0,1
e,100140022_grade3,chara_glo_00140,3,Special,,,117,34,0,1
e,100140022_grade4,chara_glo_00140,4,Special,,,117,34,0,1
e,100140022_grade5,chara_glo_00140,5,Special,,,117,34,0,1
e,100141022,chara_glo_00141,0,Normal,,,50,25,50,1
e,100141022_grade0,chara_glo_00141,0,Special,,,117,34,0,1
e,100141022_grade1,chara_glo_00141,1,Special,,,117,34,0,1
e,100141022_grade2,chara_glo_00141,2,Special,,,117,34,0,1
e,100141022_grade3,chara_glo_00141,3,Special,,,117,34,0,1
e,100141022_grade4,chara_glo_00141,4,Special,,,117,34,0,1
e,100141022_grade5,chara_glo_00141,5,Special,,,117,34,0,1
e,100142022,chara_glo_00142,0,Normal,,,50,25,50,1
e,100142022_grade0,chara_glo_00142,0,Special,,,117,34,0,1
e,100142022_grade1,chara_glo_00142,1,Special,,,117,34,0,1
e,100142022_grade2,chara_glo_00142,2,Special,,,117,34,0,1
e,100142022_grade3,chara_glo_00142,3,Special,,,117,34,0,1
e,100142022_grade4,chara_glo_00142,4,Special,,,117,34,0,1
e,100142022_grade5,chara_glo_00142,5,Special,,,117,34,0,1
e,100143022,chara_glo_00143,0,Normal,,,50,25,50,1
e,100143022_grade0,chara_glo_00143,0,Special,,,117,34,0,1
e,100143022_grade1,chara_glo_00143,1,Special,,,117,34,0,1
e,100143022_grade2,chara_glo_00143,2,Special,,,117,34,0,1
e,100143022_grade3,chara_glo_00143,3,Special,,,117,34,0,1
e,100143022_grade4,chara_glo_00143,4,Special,,,117,34,0,1
e,100143022_grade5,chara_glo_00143,5,Special,,,117,34,0,1
e,100144022,chara_glo_00144,0,Normal,,,50,25,50,1
e,100144022_grade0,chara_glo_00144,0,Special,,,117,34,0,1
e,100144022_grade1,chara_glo_00144,1,Special,,,117,34,0,1
e,100144022_grade2,chara_glo_00144,2,Special,,,117,34,0,1
e,100144022_grade3,chara_glo_00144,3,Special,,,117,34,0,1
e,100144022_grade4,chara_glo_00144,4,Special,,,117,34,0,1
e,100144022_grade5,chara_glo_00144,5,Special,,,117,34,0,1
e,100145022,chara_glo_00145,0,Normal,,,50,25,50,1
e,100145022_grade0,chara_glo_00145,0,Special,,,117,34,0,1
e,100145022_grade1,chara_glo_00145,1,Special,,,117,34,0,1
e,100145022_grade2,chara_glo_00145,2,Special,,,117,34,0,1
e,100145022_grade3,chara_glo_00145,3,Special,,,117,34,0,1
e,100145022_grade4,chara_glo_00145,4,Special,,,117,34,0,1
e,100145022_grade5,chara_glo_00145,5,Special,,,117,34,0,1
e,100146022,chara_glo_00146,0,Normal,,,50,25,50,1
e,100146022_grade0,chara_glo_00146,0,Special,,,117,34,0,1
e,100146022_grade1,chara_glo_00146,1,Special,,,117,34,0,1
e,100146022_grade2,chara_glo_00146,2,Special,,,117,34,0,1
e,100146022_grade3,chara_glo_00146,3,Special,,,117,34,0,1
e,100146022_grade4,chara_glo_00146,4,Special,,,117,34,0,1
e,100146022_grade5,chara_glo_00146,5,Special,,,117,34,0,1
e,100147022,chara_glo_00147,0,Normal,,,50,25,50,1
e,100147022_grade0,chara_glo_00147,0,Special,,,117,34,0,1
e,100147022_grade1,chara_glo_00147,1,Special,,,117,34,0,1
e,100147022_grade2,chara_glo_00147,2,Special,,,117,34,0,1
e,100147022_grade3,chara_glo_00147,3,Special,,,117,34,0,1
e,100147022_grade4,chara_glo_00147,4,Special,,,117,34,0,1
e,100147022_grade5,chara_glo_00147,5,Special,,,117,34,0,1
e,100148022,chara_glo_00148,0,Normal,,,50,25,50,1
e,100148022_grade0,chara_glo_00148,0,Special,,,117,34,0,1
e,100148022_grade1,chara_glo_00148,1,Special,,,117,34,0,1
e,100148022_grade2,chara_glo_00148,2,Special,,,117,34,0,1
e,100148022_grade3,chara_glo_00148,3,Special,,,117,34,0,1
e,100148022_grade4,chara_glo_00148,4,Special,,,117,34,0,1
e,100148022_grade5,chara_glo_00148,5,Special,,,117,34,0,1
e,100149022,chara_glo_00149,0,Normal,,,50,25,50,1
e,100149022_grade0,chara_glo_00149,0,Special,,,117,34,0,1
e,100149022_grade1,chara_glo_00149,1,Special,,,117,34,0,1
e,100149022_grade2,chara_glo_00149,2,Special,,,117,34,0,1
e,100149022_grade3,chara_glo_00149,3,Special,,,117,34,0,1
e,100149022_grade4,chara_glo_00149,4,Special,,,117,34,0,1
e,100149022_grade5,chara_glo_00149,5,Special,,,117,34,0,1
e,e_glo_00001_tutorial_Normal_Yellow_Normal_00000,e_glo_00001_tutorial_Normal_Yellow,0,Normal,,,50,25,100,1
e,e_glo_00001_tutorial_Boss_Yellow_Normal_00000,e_glo_00001_tutorial_Boss_Yellow,0,Normal,,,50,25,100,1
e,e_glo_00001_tutorial_Boss_Yellow_Appearance_00001,e_glo_00001_tutorial_Boss_Yellow,0,Appearance,,,50,25,0,1
e,e_glo_00001_tutorial_Normal_Blue_Normal_00000,e_glo_00001_tutorial_Normal_Blue,0,Normal,,,50,25,100,1
e,e_glo_00001_tutorial_Normal_Red_Normal_00000,e_glo_00001_tutorial_Normal_Red,0,Normal,,,50,25,100,1
e,e_spy_00101_general_n_Normal_Colorless_Normal_00000,e_spy_00101_general_n_Normal_Colorless,0,Normal,,,60,25,50,1
e,e_spy_00101_general_n_Normal_Colorless_Normal_00001,e_spy_00101_general_n_Normal_Colorless_1,0,Normal,,,60,25,50,1
e,e_spy_00101_general_n_Boss_Colorless_Normal_00001,e_spy_00101_general_n_Boss_Colorless,0,Normal,,,60,25,50,1
e,e_spy_00101_general_n_Boss_Colorless_Normal_00002,e_spy_00101_general_n_Boss_Colorless,0,Appearance,,,50,25,0,1
e,enemy_tutorial,enemy_tutorial,0,Normal,,,58,25,100,1
e,chara_sur_00501_Normal_00000,chara_sur_00501,0,Normal,,,86,47,50,1
e,chara_sur_00501_Special_00001,chara_sur_00501,1,Special,,,134,77,0,1
e,chara_sur_00801_Normal_00000,chara_sur_00801,0,Normal,,,62,33,50,1
e,chara_sur_00801_Special_00001,chara_sur_00801,1,Special,Colorless,200,101,53,0,1
e,chara_yuw_00301_Normal_00000,chara_yuw_00301,0,Normal,,,79,0,50,1
e,chara_yuw_00301_Special_00001,chara_yuw_00301,1,Special,,,175,160,0,1
e,chara_yuw_00401_Normal_00000,chara_yuw_00401,0,Normal,,,59,17,50,1
e,chara_yuw_00401_Special_00001,chara_yuw_00401,1,Special,,,134,82,0,1
e,chara_yuw_00501_Normal_00000,chara_yuw_00501,0,Normal,,,62,22,50,1
e,chara_yuw_00501_Special_00001,chara_yuw_00501,1,Special,,,109,75,0,1
e,chara_yuw_00601_Normal_00000,chara_yuw_00601,0,Normal,,,60,34,50,1
e,chara_yuw_00601_Special_00001,chara_yuw_00601,1,Special,,,92,34,0,1
e,chara_osh_00001_Normal_00000,chara_osh_00001,0,Normal,,,80,22,50,1
e,chara_osh_00001_Special_00001,chara_osh_00001,1,Special,,,162,92,0,1
e,chara_osh_00101_Normal_00000,chara_osh_00101,0,Normal,,,50,25,50,1
e,chara_osh_00101_Special_00001,chara_osh_00101,1,Special,,,117,34,0,1
e,chara_osh_00201_Normal_00000,chara_osh_00201,0,Normal,,,69,0,50,1
e,chara_osh_00201_Special_00001,chara_osh_00201,1,Special,,,150,83,0,1
e,chara_osh_00301_Normal_00000,chara_osh_00301,0,Normal,,,57,0,50,1
e,chara_osh_00301_Special_00001,chara_osh_00301,1,Special,,,167,89,0,1
e,chara_osh_00401_Normal_00000,chara_osh_00401,0,Normal,,,59,25,50,1
e,chara_osh_00401_Special_00001,chara_osh_00401,1,Special,,,124,50,0,1
e,chara_osh_00501_Normal_00000,chara_osh_00501,0,Normal,,,53,15,50,1
e,chara_osh_00501_Special_00001,chara_osh_00501,1,Special,,,134,89,0,1
e,chara_osh_00601_Normal_00000,chara_osh_00601,0,Normal,,,55,0,50,1
e,chara_osh_00601_Special_00001,chara_osh_00601,1,Special,,,95,0,0,1
e,chara_dan_00001_Normal_00000,chara_dan_00001,0,Normal,,,72,27,100,1
e,chara_dan_00001_Special_00001,chara_dan_00001,0,Special,,,200,83,0,1
e,chara_dan_00001_Special_00002,chara_dan_00001,1,Special,,,200,83,0,1
e,chara_dan_00001_Special_00003,chara_dan_00001,2,Special,,,200,83,0,1
e,chara_dan_00001_Special_00004,chara_dan_00001,3,Special,,,200,83,0,1
e,chara_dan_00001_Special_00005,chara_dan_00001,4,Special,,,200,83,0,1
e,chara_dan_00002_Normal_00000,chara_dan_00002,0,Normal,,,92,0,75,1
e,chara_dan_00002_Special_00001,chara_dan_00002,0,Special,,,261,0,0,1
e,chara_dan_00002_Special_00002,chara_dan_00002,1,Special,,,261,0,0,1
e,chara_dan_00002_Special_00003,chara_dan_00002,2,Special,,,261,0,0,1
e,chara_dan_00002_Special_00004,chara_dan_00002,3,Special,,,261,0,0,1
e,chara_dan_00002_Special_00005,chara_dan_00002,4,Special,,,261,0,0,1
e,chara_dan_00101_Normal_00000,chara_dan_00101,0,Normal,,,50,25,75,1
e,chara_dan_00101_Special_00001,chara_dan_00101,0,Special,,,100,50,0,1
e,chara_dan_00101_Special_00002,chara_dan_00101,1,Special,,,100,50,0,1
e,chara_dan_00101_Special_00003,chara_dan_00101,2,Special,,,100,50,0,1
e,chara_dan_00101_Special_00004,chara_dan_00101,3,Special,,,100,50,0,1
e,chara_dan_00101_Special_00005,chara_dan_00101,4,Special,,,100,50,0,1
e,chara_gom_00001_Normal_00000,chara_gom_00001,0,Normal,,,65,25,100,1
e,chara_gom_00001_Special_00001,chara_gom_00001,0,Special,,,200,115,0,1
e,chara_gom_00001_Special_00002,chara_gom_00001,1,Special,,,200,115,0,1
e,chara_gom_00001_Special_00003,chara_gom_00001,2,Special,,,200,115,0,1
e,chara_gom_00001_Special_00004,chara_gom_00001,3,Special,,,200,115,0,1
e,chara_gom_00001_Special_00005,chara_gom_00001,4,Special,,,200,115,0,1
e,chara_gom_00101_Normal_00000,chara_gom_00101,0,Normal,,,67,22,50,1
e,chara_gom_00101_Special_00001,chara_gom_00101,0,Special,,,242,150,0,1
e,chara_gom_00101_Special_00002,chara_gom_00101,1,Special,,,242,150,0,1
e,chara_gom_00101_Special_00003,chara_gom_00101,2,Special,,,242,150,0,1
e,chara_gom_00101_Special_00004,chara_gom_00101,3,Special,,,242,150,0,1
e,chara_gom_00101_Special_00005,chara_gom_00101,4,Special,,,242,150,0,1
e,chara_gom_00201_Normal_00000,chara_gom_00201,0,Normal,,,72,0,140,1
e,chara_gom_00201_Special_00001,chara_gom_00201,0,Special,Yellow,200,250,0,0,1
e,chara_gom_00201_Special_00002,chara_gom_00201,1,Special,Yellow,200,250,0,0,1
e,chara_gom_00201_Special_00003,chara_gom_00201,2,Special,Yellow,200,250,0,0,1
e,chara_gom_00201_Special_00004,chara_gom_00201,3,Special,Yellow,200,250,0,0,1
e,chara_gom_00201_Special_00005,chara_gom_00201,4,Special,Yellow,200,250,0,0,1
e,enemychara_jig_00001_Normal_0,enemychara_jig_00001,0,Normal,,,59,10,50,1
e,enemychara_jig_00001_Special_0,enemychara_jig_00001,0,Special,,,115,0,0,1
e,chara_jig_00001_Normal_00000,chara_jig_00001,0,Normal,,,59,10,50,1
e,chara_jig_00001_Special_00001,chara_jig_00001,0,Special,,,115,0,0,1
e,chara_jig_00001_Special_00002,chara_jig_00001,1,Special,,,115,0,0,1
e,chara_jig_00001_Special_00003,chara_jig_00001,2,Special,,,115,0,0,1
e,chara_jig_00001_Special_00004,chara_jig_00001,3,Special,,,115,0,0,1
e,chara_jig_00001_Special_00005,chara_jig_00001,4,Special,,,115,0,0,1
e,chara_jig_00001_Special_00006,chara_jig_00001,5,Special,,,115,0,0,1
e,chara_jig_00001_Special_00007,chara_jig_00001,6,Special,,,115,0,0,1
e,chara_jig_00001_Special_00008,chara_jig_00001,7,Special,,,115,0,0,1
e,chara_jig_00001_Special_00009,chara_jig_00001,8,Special,,,115,0,0,1
e,chara_jig_00001_Special_00010,chara_jig_00001,9,Special,,,115,0,0,1
e,chara_jig_00001_02_Normal_0,chara_jig_00001_02,0,Normal,,,59,10,50,1
e,chara_jig_00001_02_Special_0,chara_jig_00001_02,0,Special,,,115,0,0,1
e,chara_jig_00001_02_Special_1,chara_jig_00001_02,1,Special,,,115,0,0,1
e,chara_jig_00001_03_Normal_0,chara_jig_00001_03,0,Normal,,,59,10,50,1
e,chara_jig_00001_03_Special_0,chara_jig_00001_03,0,Special,,,115,0,0,1
e,chara_jig_00001_03_Special_1,chara_jig_00001_03,1,Special,,,115,0,0,1
e,chara_jig_00001_04_Normal_0,chara_jig_00001_04,0,Normal,,,59,10,50,1
e,chara_jig_00001_04_Special_0,chara_jig_00001_04,0,Special,,,115,0,0,1
e,chara_jig_00001_04_Special_1,chara_jig_00001_04,1,Special,,,115,0,0,1
e,chara_jig_00001_05_Normal_0,chara_jig_00001_05,0,Normal,,,59,10,50,1
e,chara_jig_00001_05_Special_0,chara_jig_00001_05,0,Special,,,115,0,0,1
e,chara_jig_00001_05_Special_1,chara_jig_00001_05,1,Special,,,115,0,0,1
e,chara_jig_00001_06_Normal_0,chara_jig_00001_06,0,Normal,,,59,10,50,1
e,chara_jig_00001_06_Special_0,chara_jig_00001_06,0,Special,,,115,0,0,1
e,chara_jig_00001_06_Special_1,chara_jig_00001_06,1,Special,,,115,0,0,1
e,chara_jig_00001_07_Normal_0,chara_jig_00001_07,0,Normal,,,59,10,50,1
e,chara_jig_00001_07_Special_0,chara_jig_00001_07,0,Special,,,115,0,0,1
e,chara_jig_00001_07_Special_1,chara_jig_00001_07,1,Special,,,115,0,0,1
e,chara_jig_00201_08_Normal_0,chara_jig_00201_08,0,Normal,,,59,10,50,1
e,chara_jig_00001_08_Special_0,chara_jig_00001_08,0,Special,,,115,0,0,1
e,chara_jig_00201_08_Special_1,chara_jig_00201_08,1,Special,,,115,0,0,1
e,chara_jig_00201_09_Normal_0,chara_jig_00201_09,0,Normal,,,59,10,50,1
e,chara_jig_00201_09_Special_0,chara_jig_00201_09,0,Special,,,115,0,0,1
e,chara_jig_00201_09_Special_1,chara_jig_00201_09,1,Special,,,115,0,0,1
e,chara_jig_00001_10_Normal_0,chara_jig_00001_10,0,Normal,,,59,10,50,1
e,chara_jig_00001_10_Special_0,chara_jig_00001_10,0,Special,,,115,0,0,1
e,chara_jig_00001_10_Special_1,chara_jig_00001_10,1,Special,,,115,0,0,1
e,chara_jig_00001_11_Normal_0,chara_jig_00001_11,0,Normal,,,59,10,50,1
e,chara_jig_00001_11_Special_0,chara_jig_00001_11,0,Special,,,115,0,0,1
e,chara_jig_00001_11_Special_1,chara_jig_00001_11,1,Special,,,115,0,0,1
e,chara_jig_00101_Normal_00000,chara_jig_00101,0,Normal,,,75,25,50,1
e,chara_jig_00101_Special_00001,chara_jig_00101,0,Special,Green,200,125,60,0,1
e,chara_jig_00101_Special_00002,chara_jig_00101,1,Special,Green,200,125,60,0,1
e,chara_jig_00101_Special_00003,chara_jig_00101,2,Special,Green,200,125,60,0,1
e,chara_jig_00101_Special_00004,chara_jig_00101,3,Special,Green,200,125,60,0,1
e,chara_jig_00101_Special_00005,chara_jig_00101,4,Special,Green,200,125,60,0,1
e,chara_jig_00201_Normal_00000,chara_jig_00201,0,Normal,,,84,50,75,1
e,chara_jig_00201_Special_00001,chara_jig_00201,0,Special,,,128,83,0,1
e,chara_jig_00201_Special_00002,chara_jig_00201,1,Special,,,128,83,0,1
e,chara_jig_00201_Special_00003,chara_jig_00201,2,Special,,,128,83,0,1
e,chara_jig_00201_Special_00004,chara_jig_00201,3,Special,,,128,83,0,1
e,chara_jig_00201_Special_00005,chara_jig_00201,4,Special,,,128,83,0,1
e,chara_jig_00201_02_Normal_0,chara_jig_00201_02,0,Normal,,,84,50,75,1
e,chara_jig_00201_02_Special_0,chara_jig_00201_02,0,Special,,,128,83,0,1
e,chara_jig_00201_02_Special_1,chara_jig_00201_02,1,Special,,,128,83,0,1
e,chara_jig_00201_03_Normal_0,chara_jig_00201_03,0,Normal,,,84,50,75,1
e,chara_jig_00201_03_Special_0,chara_jig_00201_03,0,Special,,,128,83,0,1
e,chara_jig_00201_03_Special_1,chara_jig_00201_03,1,Special,,,128,83,0,1
e,chara_jig_00201_04_Normal_0,chara_jig_00201_04,0,Normal,,,84,50,75,1
e,chara_jig_00201_04_Special_0,chara_jig_00201_04,0,Special,,,128,83,0,1
e,chara_jig_00201_04_Special_1,chara_jig_00201_04,1,Special,,,128,83,0,1
e,chara_jig_00201_05_Normal_0,chara_jig_00201_05,0,Normal,,,84,50,75,1
e,chara_jig_00201_05_Special_0,chara_jig_00201_05,0,Special,,,128,83,0,1
e,chara_jig_00201_05_Special_1,chara_jig_00201_05,1,Special,,,128,83,0,1
e,chara_jig_00201_06_Normal_0,chara_jig_00201_06,0,Normal,,,84,50,75,1
e,chara_jig_00201_06_Special_0,chara_jig_00201_06,0,Special,,,128,83,0,1
e,chara_jig_00201_06_Special_1,chara_jig_00201_06,1,Special,,,128,83,0,1
e,chara_jig_00201_07_Normal_0,chara_jig_00201_07,0,Normal,,,84,50,75,1
e,chara_jig_00201_07_Special_0,chara_jig_00201_07,0,Special,,,128,83,0,1
e,chara_jig_00201_07_Special_1,chara_jig_00201_07,1,Special,,,128,83,0,1
e,chara_jig_00201_08_Normal_0,chara_jig_00201_08,0,Normal,,,84,50,75,1
e,chara_jig_00201_08_Special_0,chara_jig_00201_08,0,Special,,,128,83,0,1
e,chara_jig_00201_08_Special_1,chara_jig_00201_08,1,Special,,,128,83,0,1
e,chara_jig_00201_09_Normal_0,chara_jig_00201_09,0,Normal,,,84,50,75,1
e,chara_jig_00201_09_Special_0,chara_jig_00201_09,0,Special,,,128,83,0,1
e,chara_jig_00201_09_Special_1,chara_jig_00201_09,1,Special,,,128,83,0,1
e,chara_jig_00201_10_Normal_0,chara_jig_00201_10,0,Normal,,,84,50,75,1
e,chara_jig_00201_10_Special_0,chara_jig_00201_10,0,Special,,,128,83,0,1
e,chara_jig_00201_10_Special_1,chara_jig_00201_10,1,Special,,,128,83,0,1
e,chara_jig_00201_11_Normal_0,chara_jig_00201_11,0,Normal,,,84,50,75,1
e,chara_jig_00201_11_Special_0,chara_jig_00201_11,0,Special,,,128,83,0,1
e,chara_jig_00201_11_Special_1,chara_jig_00201_11,1,Special,,,128,83,0,1
e,chara_jig_00301_Normal_00000,chara_jig_00301,0,Normal,,,90,25,95,1
e,chara_jig_00301_Special_00001,chara_jig_00301,0,Special,,,108,0,0,1
e,chara_jig_00301_Special_00002,chara_jig_00301,1,Special,,,108,0,0,1
e,chara_jig_00301_Special_00003,chara_jig_00301,2,Special,,,108,0,0,1
e,chara_jig_00301_Special_00004,chara_jig_00301,3,Special,,,108,0,0,1
e,chara_jig_00301_Special_00005,chara_jig_00301,4,Special,,,108,0,0,1
e,chara_sur_00001_Normal_00000,chara_sur_00001,0,Normal,,,59,15,75,1
e,chara_sur_00001_Special_00001,chara_sur_00001,0,Special,,,140,100,0,1
e,chara_sur_00001_Special_00002,chara_sur_00001,1,Special,,,140,100,0,1
e,chara_sur_00001_Special_00003,chara_sur_00001,2,Special,,,140,100,0,1
e,chara_sur_00001_Special_00004,chara_sur_00001,3,Special,,,140,100,0,1
e,chara_sur_00001_Special_00005,chara_sur_00001,4,Special,,,140,100,0,1
e,chara_kai_00101_Normal_00000,chara_kai_00101,0,Normal,,,70,46,9000,1
e,chara_kai_00101_Special_00001,chara_kai_00101,0,Special,,,159,0,0,1
e,chara_kai_00101_Special_00002,chara_kai_00101,1,Special,,,159,0,0,1
e,chara_kai_00101_Special_00003,chara_kai_00101,2,Special,,,159,0,0,1
e,chara_kai_00101_Special_00004,chara_kai_00101,3,Special,,,159,0,0,1
e,chara_kai_00101_Special_00005,chara_kai_00101,4,Special,,,159,0,0,1
e,chara_kai_00301_Normal_00000,chara_kai_00301,0,Normal,,,102,35,95,1
e,chara_kai_00301_Special_00001,chara_kai_00301,0,Special,,,167,54,0,1
e,chara_kai_00301_Special_00002,chara_kai_00301,1,Special,,,167,54,0,1
e,chara_kai_00301_Special_00003,chara_kai_00301,2,Special,,,167,54,0,1
e,chara_kai_00301_Special_00004,chara_kai_00301,3,Special,,,167,54,0,1
e,chara_kai_00301_Special_00005,chara_kai_00301,4,Special,,,167,54,0,1
e,chara_kai_00001_Normal_00000,chara_kai_00001,0,Normal,,,92,50,9000,1
e,chara_kai_00001_Special_00001,chara_kai_00001,0,Special,,,117,67,0,1
e,chara_kai_00001_Special_00002,chara_kai_00001,1,Special,,,117,67,0,1
e,chara_kai_00001_Special_00003,chara_kai_00001,2,Special,,,117,67,0,1
e,chara_kai_00001_Special_00004,chara_kai_00001,3,Special,,,117,67,0,1
e,chara_kai_00001_Special_00005,chara_kai_00001,4,Special,,,117,67,0,1
e,chara_kai_00002_Normal_00000,chara_kai_00002,0,Normal,,,75,27,55,1
e,chara_kai_00002_Special_00001,chara_kai_00002,1,Special,,,120,0,0,1
e,chara_kai_00002_Special_00002,chara_kai_00002,2,Special,,,120,0,0,1
e,chara_kai_00002_Special_00003,chara_kai_00002,3,Special,,,120,0,0,1
e,chara_kai_00002_Special_00004,chara_kai_00002,4,Special,,,120,0,0,1
e,chara_kai_00002_Special_00005,chara_kai_00002,5,Special,,,120,0,0,1
e,chara_dos_00001_Normal_00000,chara_dos_00001,0,Normal,,,59,30,140,1
e,chara_dos_00001_Special_00001,chara_dos_00001,0,Special,,,130,70,0,1
e,chara_dos_00001_Special_00002,chara_dos_00001,1,Special,,,130,70,0,1
e,chara_dos_00001_Special_00003,chara_dos_00001,2,Special,,,130,70,0,1
e,chara_dos_00001_Special_00004,chara_dos_00001,3,Special,,,130,70,0,1
e,chara_dos_00001_Special_00005,chara_dos_00001,4,Special,,,130,70,0,1
e,chara_chi_00001_Normal_00000,chara_chi_00001,0,Normal,,,70,70,50,1
e,chara_chi_00001_Special_00001,chara_chi_00001,0,Special,Yellow,105,169,79,0,1
e,chara_chi_00001_Special_00002,chara_chi_00001,1,Special,Yellow,117,169,79,0,1
e,chara_chi_00001_Special_00003,chara_chi_00001,2,Special,Yellow,125,169,79,0,1
e,chara_chi_00001_Special_00004,chara_chi_00001,3,Special,Yellow,131,169,79,0,1
e,chara_chi_00001_Special_00005,chara_chi_00001,4,Special,Yellow,135,169,79,0,1
e,chara_sum_00001_Normal_00000,chara_sum_00001,0,Normal,,,70,33,120,1
e,chara_sum_00001_Special_00001,chara_sum_00001,0,Special,,,117,0,0,1
e,chara_sum_00001_Special_00002,chara_sum_00001,1,Special,,,117,0,0,1
e,chara_sum_00001_Special_00003,chara_sum_00001,2,Special,,,117,0,0,1
e,chara_sum_00001_Special_00004,chara_sum_00001,3,Special,,,117,0,0,1
e,chara_sum_00001_Special_00005,chara_sum_00001,4,Special,,,117,0,0,1
e,chara_sum_00201_Normal_00000,chara_sum_00201,0,Normal,,,119,34,50,1
e,chara_sum_00201_Special_00001,chara_sum_00201,0,Special,,,184,85,0,1
e,chara_sum_00201_Special_00002,chara_sum_00201,1,Special,,,184,85,0,1
e,chara_sum_00201_Special_00003,chara_sum_00201,2,Special,,,184,85,0,1
e,chara_sum_00201_Special_00004,chara_sum_00201,3,Special,,,184,85,0,1
e,chara_sum_00201_Special_00005,chara_sum_00201,4,Special,,,184,85,0,1
e,chara_sur_00101_Normal_00000,chara_sur_00101,0,Normal,,,70,17,9000,1
e,chara_sur_00101_Special_00001,chara_sur_00101,0,Special,,,134,0,0,1
e,chara_sur_00101_Special_00002,chara_sur_00101,1,Special,,,134,0,0,1
e,chara_sur_00101_Special_00003,chara_sur_00101,2,Special,,,134,0,0,1
e,chara_sur_00101_Special_00004,chara_sur_00101,3,Special,,,134,0,0,1
e,chara_sur_00101_Special_00005,chara_sur_00101,4,Special,,,134,0,0,1
e,chara_sum_00101_Normal_00000,chara_sum_00101,0,Normal,,,57,25,90,1
e,chara_sum_00101_Special_00001,chara_sum_00101,0,Special,,,110,50,0,1
e,chara_sum_00101_Special_00002,chara_sum_00101,1,Special,,,110,50,0,1
e,chara_sum_00101_Special_00003,chara_sum_00101,2,Special,,,110,50,0,1
e,chara_sum_00101_Special_00004,chara_sum_00101,3,Special,,,110,50,0,1
e,chara_sum_00101_Special_00005,chara_sum_00101,4,Special,,,110,50,0,1
e,chara_sur_00201_Normal_00000,chara_sur_00201,0,Normal,,,74,19,50,1
e,chara_sur_00201_Special_00001,chara_sur_00201,0,Special,,,154,0,0,1
e,chara_sur_00201_Special_00002,chara_sur_00201,1,Special,,,154,0,0,1
e,chara_sur_00201_Special_00003,chara_sur_00201,2,Special,,,154,0,0,1
e,chara_sur_00201_Special_00004,chara_sur_00201,3,Special,,,154,0,0,1
e,chara_sur_00201_Special_00005,chara_sur_00201,4,Special,,,154,0,0,1
e,chara_sur_00301_Normal_00000,chara_sur_00301,0,Normal,,,78,33,100,1
e,chara_sur_00301_Special_00001,chara_sur_00301,0,Special,,,96,37,0,1
e,chara_sur_00301_Special_00002,chara_sur_00301,1,Special,,,96,37,0,1
e,chara_sur_00301_Special_00003,chara_sur_00301,2,Special,,,96,37,0,1
e,chara_sur_00301_Special_00004,chara_sur_00301,3,Special,,,96,37,0,1
e,chara_sur_00301_Special_00005,chara_sur_00301,4,Special,,,96,37,0,1
e,chara_tak_00001_Normal_00000,chara_tak_00001,0,Normal,,,50,22,100,1
e,chara_tak_00001_Special_00001,chara_tak_00001,0,Special,,,167,38,0,1
e,chara_tak_00001_Special_00002,chara_tak_00001,1,Special,,,167,38,0,1
e,chara_tak_00001_Special_00003,chara_tak_00001,2,Special,,,167,38,0,1
e,chara_tak_00001_Special_00004,chara_tak_00001,3,Special,,,167,38,0,1
e,chara_tak_00001_Special_00005,chara_tak_00001,4,Special,,,167,38,0,1
e,chara_chi_00201_Normal_00000,chara_chi_00201,0,Normal,,,80,42,50,1
e,chara_chi_00201_Special_00001,chara_chi_00201,0,Special,,,122,82,0,1
e,chara_chi_00201_Special_00002,chara_chi_00201,1,Special,,,122,82,0,1
e,chara_chi_00201_Special_00003,chara_chi_00201,2,Special,,,122,82,0,1
e,chara_chi_00201_Special_00004,chara_chi_00201,3,Special,,,122,82,0,1
e,chara_chi_00201_Special_00005,chara_chi_00201,4,Special,,,122,82,0,1
e,chara_chi_00301_Normal_00000,chara_chi_00301,0,Normal,,,75,29,75,1
e,chara_chi_00301_Special_00001,chara_chi_00301,0,Special,Red,110,134,50,0,1
e,chara_chi_00301_Special_00002,chara_chi_00301,1,Special,Red,126,134,50,0,1
e,chara_chi_00301_Special_00003,chara_chi_00301,2,Special,Red,137,134,50,0,1
e,chara_chi_00301_Special_00004,chara_chi_00301,3,Special,Red,145,134,50,0,1
e,chara_chi_00301_Special_00005,chara_chi_00301,4,Special,Red,150,134,50,0,1
e,chara_chi_00002_Normal_00000,chara_chi_00002,0,Normal,,,54,33,9000,1
e,chara_chi_00002_Special_00001,chara_chi_00002,0,Special,,,187,0,0,1
e,chara_chi_00002_Special_00002,chara_chi_00002,1,Special,,,187,0,0,1
e,chara_chi_00002_Special_00003,chara_chi_00002,2,Special,,,187,0,0,1
e,chara_chi_00002_Special_00004,chara_chi_00002,3,Special,,,187,0,0,1
e,chara_chi_00002_Special_00005,chara_chi_00002,4,Special,,,187,0,0,1
e,chara_chi_00002_Special_00006,chara_chi_00002,5,Special,,,187,0,0,1
e,chara_chi_00002_Special_00007,chara_chi_00002,6,Special,,,187,0,0,1
e,chara_chi_00002_Special_00008,chara_chi_00002,7,Special,,,187,0,0,1
e,chara_chi_00002_Special_00009,chara_chi_00002,8,Special,,,187,0,0,1
e,chara_chi_00002_Special_00010,chara_chi_00002,9,Special,,,187,0,0,1
e,chara_chi_00002_02_Normal_0,chara_chi_00002_02,0,Normal,,,54,33,100,1
e,chara_chi_00002_02_Special_0,chara_chi_00002_02,0,Special,,,187,0,0,1
e,chara_chi_00002_02_Special_1,chara_chi_00002_02,1,Special,,,187,0,0,1
e,chara_chi_00002_03_Normal_0,chara_chi_00002_03,0,Normal,,,54,33,100,1
e,chara_chi_00002_03_Special_0,chara_chi_00002_03,0,Special,,,187,0,0,1
e,chara_chi_00002_03_Special_1,chara_chi_00002_03,1,Special,,,187,0,0,1
e,chara_chi_00002_04_Normal_0,chara_chi_00002_04,0,Normal,,,54,33,100,1
e,chara_chi_00002_04_Special_0,chara_chi_00002_04,0,Special,,,187,0,0,1
e,chara_chi_00002_04_Special_1,chara_chi_00002_04,1,Special,,,187,0,0,1
e,chara_chi_00002_05_Normal_0,chara_chi_00002_05,0,Normal,,,54,33,100,1
e,chara_chi_00002_05_Special_0,chara_chi_00002_05,0,Special,,,187,0,0,1
e,chara_chi_00002_05_Special_1,chara_chi_00002_05,1,Special,,,187,0,0,1
e,chara_chi_00002_06_Normal_0,chara_chi_00002_06,0,Normal,,,54,33,100,1
e,chara_chi_00002_06_Special_0,chara_chi_00002_06,0,Special,,,187,0,0,1
e,chara_chi_00002_06_Special_1,chara_chi_00002_06,1,Special,,,187,0,0,1
e,chara_chi_00002_07_Normal_0,chara_chi_00002_07,0,Normal,,,54,33,100,1
e,chara_chi_00002_07_Special_0,chara_chi_00002_07,0,Special,,,187,0,0,1
e,chara_chi_00002_07_Special_1,chara_chi_00002_07,1,Special,,,187,0,0,1
e,chara_chi_00002_08_Normal_0,chara_chi_00002_08,0,Normal,,,54,33,100,1
e,chara_chi_00002_08_Special_0,chara_chi_00002_08,0,Special,,,187,0,0,1
e,chara_chi_00002_08_Special_1,chara_chi_00002_08,1,Special,,,187,0,0,1
e,chara_chi_00002_09_Normal_0,chara_chi_00002_09,0,Normal,,,54,33,100,1
e,chara_chi_00002_09_Special_0,chara_chi_00002_09,0,Special,,,187,0,0,1
e,chara_chi_00002_09_Special_1,chara_chi_00002_09,1,Special,,,187,0,0,1
e,chara_chi_00002_10_Normal_0,chara_chi_00002_10,0,Normal,,,54,33,100,1
e,chara_chi_00002_10_Special_0,chara_chi_00002_10,0,Special,,,187,0,0,1
e,chara_chi_00002_10_Special_1,chara_chi_00002_10,1,Special,,,187,0,0,1
e,chara_chi_00002_11_Normal_0,chara_chi_00002_11,0,Normal,,,54,33,100,1
e,chara_chi_00002_11_Special_0,chara_chi_00002_11,0,Special,,,187,0,0,1
e,chara_chi_00002_11_Special_1,chara_chi_00002_11,1,Special,,,187,0,0,1
e,chara_rik_00001_Normal_00000,chara_rik_00001,0,Normal,,,82,47,50,1
e,chara_rik_00001_Special_00001,chara_rik_00001,0,Special,,,201,0,0,1
e,chara_rik_00001_Special_00002,chara_rik_00001,1,Special,,,201,0,0,1
e,chara_rik_00001_Special_00003,chara_rik_00001,2,Special,,,201,0,0,1
e,chara_rik_00001_Special_00004,chara_rik_00001,3,Special,,,201,0,0,1
e,chara_rik_00001_Special_00005,chara_rik_00001,4,Special,,,201,0,0,1
e,chara_aka_00101_Normal_00000,chara_aka_00101,0,Normal,,,75,27,9000,1
e,chara_aka_00101_Special_00001,chara_aka_00101,0,Special,,,225,0,0,1
e,chara_aka_00101_Special_00002,chara_aka_00101,1,Special,,,225,0,0,1
e,chara_aka_00101_Special_00003,chara_aka_00101,2,Special,,,225,0,0,1
e,chara_aka_00101_Special_00004,chara_aka_00101,3,Special,,,225,0,0,1
e,chara_aka_00101_Special_00005,chara_aka_00101,4,Special,,,225,0,0,1
e,chara_aka_00001_Normal_00000,chara_aka_00001,0,Normal,,,85,33,9000,1
e,chara_aka_00001_Special_00001,chara_aka_00001,0,Special,,,134,67,0,1
e,chara_aka_00001_Special_00002,chara_aka_00001,1,Special,,,134,67,0,1
e,chara_aka_00001_Special_00003,chara_aka_00001,2,Special,,,134,67,0,1
e,chara_aka_00001_Special_00004,chara_aka_00001,3,Special,,,134,67,0,1
e,chara_aka_00001_Special_00005,chara_aka_00001,4,Special,,,134,67,0,1
e,chara_spy_00101_Normal_00000,chara_spy_00101,0,Normal,,,82,42,150,1
e,chara_spy_00101_Special_00001,chara_spy_00101,1,Special,Blue,120,125,67,0,1
e,chara_spy_00101_Special_00002,chara_spy_00101,2,Special,Blue,139,125,67,0,1
e,chara_spy_00101_Special_00003,chara_spy_00101,3,Special,Blue,153,125,67,0,1
e,chara_spy_00101_Special_00004,chara_spy_00101,4,Special,Blue,163,125,67,0,1
e,chara_spy_00101_Special_00005,chara_spy_00101,5,Special,Blue,170,125,67,0,1
e,chara_sur_00401_Normal_00000,chara_sur_00401,0,Normal,,,75,29,55,1
e,chara_sur_00401_Special_00001,chara_sur_00401,0,Special,,,125,75,0,1
e,chara_sur_00401_Special_00002,chara_sur_00401,1,Special,,,125,75,0,1
e,chara_sur_00401_Special_00003,chara_sur_00401,2,Special,,,125,75,0,1
e,chara_sur_00401_Special_00004,chara_sur_00401,3,Special,,,125,75,0,1
e,chara_sur_00401_Special_00005,chara_sur_00401,4,Special,,,125,75,0,1
e,chara_spy_00001_Normal_00000,chara_spy_00001,0,Normal,,,75,29,55,1
e,chara_spy_00001_Special_00001,chara_spy_00001,0,Special,,,172,0,0,1
e,chara_spy_00001_Special_00002,chara_spy_00001,1,Special,,,172,0,0,1
e,chara_spy_00001_Special_00003,chara_spy_00001,2,Special,,,172,0,0,1
e,chara_spy_00001_Special_00004,chara_spy_00001,3,Special,,,172,0,0,1
e,chara_spy_00001_Special_00005,chara_spy_00001,4,Special,,,172,0,0,1
e,chara_spy_00301_Normal_00000,chara_spy_00301,0,Normal,,,75,29,55,1
e,chara_spy_00301_Special_00001,chara_spy_00301,0,Special,,,105,34,0,1
e,chara_spy_00301_Special_00002,chara_spy_00301,1,Special,,,105,34,0,1
e,chara_spy_00301_Special_00003,chara_spy_00301,2,Special,,,105,34,0,1
e,chara_spy_00301_Special_00004,chara_spy_00301,3,Special,,,105,34,0,1
e,chara_spy_00301_Special_00005,chara_spy_00301,4,Special,,,105,34,0,1
e,chara_spy_00201_Normal_00000,chara_spy_00201,0,Normal,,,71,31,65,1
e,chara_spy_00201_Special_00001,chara_spy_00201,0,Special,,,125,37,0,1
e,chara_spy_00201_Special_00002,chara_spy_00201,1,Special,,,125,37,0,1
e,chara_spy_00201_Special_00003,chara_spy_00201,2,Special,,,125,37,0,1
e,chara_spy_00201_Special_00004,chara_spy_00201,3,Special,,,125,37,0,1
e,chara_spy_00201_Special_00005,chara_spy_00201,4,Special,,,125,37,0,1
e,chara_spy_00401_Normal_00000,chara_spy_00401,0,Normal,,,60,25,100,1
e,chara_spy_00401_Special_00001,chara_spy_00401,0,Special,,,138,67,0,1
e,chara_spy_00401_Special_00002,chara_spy_00401,1,Special,,,138,67,0,1
e,chara_spy_00401_Special_00003,chara_spy_00401,2,Special,,,138,67,0,1
e,chara_spy_00401_Special_00004,chara_spy_00401,3,Special,,,138,67,0,1
e,chara_spy_00401_Special_00005,chara_spy_00401,4,Special,,,138,67,0,1
e,chara_spy_00501_Normal_00000,chara_spy_00501,0,Normal,,,57,17,45,1
e,chara_spy_00501_Special_00001,chara_spy_00501,0,Special,,,117,59,0,1
e,chara_spy_00501_Special_00002,chara_spy_00501,1,Special,,,117,59,0,1
e,chara_spy_00501_Special_00003,chara_spy_00501,2,Special,,,117,59,0,1
e,chara_spy_00501_Special_00004,chara_spy_00501,3,Special,,,117,59,0,1
e,chara_spy_00501_Special_00005,chara_spy_00501,4,Special,,,117,59,0,1
e,chara_rik_00101_Normal_00000,chara_rik_00101,0,Normal,,,79,44,90,1
e,chara_rik_00101_Special_00001,chara_rik_00101,0,Special,,,134,50,0,1
e,chara_rik_00101_Special_00002,chara_rik_00101,1,Special,,,134,50,0,1
e,chara_rik_00101_Special_00003,chara_rik_00101,2,Special,,,134,50,0,1
e,chara_rik_00101_Special_00004,chara_rik_00101,3,Special,,,134,50,0,1
e,chara_rik_00101_Special_00005,chara_rik_00101,4,Special,,,134,50,0,1
e,chara_bat_00001_Normal_00000,chara_bat_00001,0,Normal,,,99,35,150,1
e,chara_bat_00001_Special_00001,chara_bat_00001,0,Special,Green,105,104,48,0,1
e,chara_bat_00001_Special_00002,chara_bat_00001,1,Special,Green,119,104,48,0,1
e,chara_bat_00001_Special_00003,chara_bat_00001,2,Special,Green,128,104,48,0,1
e,chara_bat_00001_Special_00004,chara_bat_00001,3,Special,Green,135,104,48,0,1
e,chara_bat_00001_Special_00005,chara_bat_00001,4,Special,Green,140,104,48,0,1
e,chara_bat_00101_Normal_00000,chara_bat_00101,0,Normal,,,107,38,100,1
e,chara_bat_00101_Special_00001,chara_bat_00101,0,Special,,,150,60,0,1
e,chara_bat_00101_Special_00002,chara_bat_00101,1,Special,,,150,60,0,1
e,chara_bat_00101_Special_00003,chara_bat_00101,2,Special,,,150,60,0,1
e,chara_bat_00101_Special_00004,chara_bat_00101,3,Special,,,150,60,0,1
e,chara_bat_00101_Special_00005,chara_bat_00101,4,Special,,,150,60,0,1
e,chara_mag_00001_Normal_00000,chara_mag_00001,0,Normal,,,89,46,9000,1
e,chara_mag_00001_Special_00001,chara_mag_00001,0,Special,,,117,0,0,1
e,chara_mag_00001_Special_00002,chara_mag_00001,1,Special,,,117,0,0,1
e,chara_mag_00001_Special_00003,chara_mag_00001,2,Special,,,117,0,0,1
e,chara_mag_00001_Special_00004,chara_mag_00001,3,Special,,,117,0,0,1
e,chara_mag_00001_Special_00005,chara_mag_00001,4,Special,,,117,0,0,1
e,chara_mag_00101_Normal_00000,chara_mag_00101,0,Normal,,,95,42,9000,1
e,chara_mag_00101_Special_00001,chara_mag_00101,0,Special,,,134,75,0,1
e,chara_mag_00101_Special_00002,chara_mag_00101,1,Special,,,134,75,0,1
e,chara_mag_00101_Special_00003,chara_mag_00101,2,Special,,,134,75,0,1
e,chara_mag_00101_Special_00004,chara_mag_00101,3,Special,,,134,75,0,1
e,chara_mag_00101_Special_00005,chara_mag_00101,4,Special,,,134,75,0,1
e,chara_yuw_00001_Normal_00000,chara_yuw_00001,0,Normal,,,77,25,75,1
e,chara_yuw_00001_Special_00001,chara_yuw_00001,0,Special,Blue,120,184,122,0,1
e,chara_yuw_00001_Special_00002,chara_yuw_00001,1,Special,Blue,140,184,122,0,1
e,chara_yuw_00001_Special_00003,chara_yuw_00001,2,Special,Blue,153,184,122,0,1
e,chara_yuw_00001_Special_00004,chara_yuw_00001,3,Special,Blue,163,184,122,0,1
e,chara_yuw_00001_Special_00005,chara_yuw_00001,4,Special,Blue,170,184,122,0,1
e,chara_yuw_00001_01_Normal_00000,chara_yuw_00001_01,0,Normal,,,77,25,75,1
e,chara_yuw_00001_01_Special_00001,chara_yuw_00001_01,0,Special,Blue,120,184,122,0,1
e,chara_yuw_00001_01_Special_00002,chara_yuw_00001_01,1,Special,Blue,140,184,122,0,1
e,chara_yuw_00001_01_Special_00003,chara_yuw_00001_01,2,Special,Blue,153,184,122,0,1
e,chara_yuw_00001_01_Special_00004,chara_yuw_00001_01,3,Special,Blue,163,184,122,0,1
e,chara_yuw_00001_01_Special_00005,chara_yuw_00001_01,4,Special,Blue,170,184,122,0,1
e,chara_yuw_00101_Normal_00000,chara_yuw_00101,0,Normal,,,75,0,50,1
e,chara_yuw_00101_Special_00001,chara_yuw_00101,0,Special,,,175,160,0,1
e,chara_yuw_00101_Special_00002,chara_yuw_00101,1,Special,,,175,160,0,1
e,chara_yuw_00101_Special_00003,chara_yuw_00101,2,Special,,,175,160,0,1
e,chara_yuw_00101_Special_00004,chara_yuw_00101,3,Special,,,175,160,0,1
e,chara_yuw_00101_Special_00005,chara_yuw_00101,4,Special,,,175,160,0,1
e,chara_aha_00001_Normal_00000,chara_aha_00001,0,Normal,,,96,34,100,1
e,chara_aha_00001_Special_00001,chara_aha_00001,0,Special,,,134,53,0,1
e,chara_aha_00001_Special_00002,chara_aha_00001,1,Special,,,134,53,0,1
e,chara_aha_00001_Special_00003,chara_aha_00001,2,Special,,,134,53,0,1
e,chara_aha_00001_Special_00004,chara_aha_00001,3,Special,,,134,53,0,1
e,chara_aha_00001_Special_00005,chara_aha_00001,4,Special,,,134,53,0,1
e,chara_aha_00101_Normal_00000,chara_aha_00101,0,Normal,,,64,23,75,1
e,chara_aha_00101_Special_00001,chara_aha_00101,0,Special,,,159,100,0,1
e,chara_aha_00101_Special_00002,chara_aha_00101,1,Special,,,159,100,0,1
e,chara_aha_00101_Special_00003,chara_aha_00101,2,Special,,,159,100,0,1
e,chara_aha_00101_Special_00004,chara_aha_00101,3,Special,,,159,100,0,1
e,chara_aha_00101_Special_00005,chara_aha_00101,4,Special,,,159,100,0,1
e,chara_ron_00001_Normal_00000,chara_ron_00001,0,Normal,,,84,46,75,1
e,chara_ron_00001_Special_00001,chara_ron_00001,0,Special,,,137,0,0,1
e,chara_ron_00001_Special_00002,chara_ron_00001,1,Special,,,137,0,0,1
e,chara_ron_00001_Special_00003,chara_ron_00001,2,Special,,,137,0,0,1
e,chara_ron_00001_Special_00004,chara_ron_00001,3,Special,,,137,0,0,1
e,chara_ron_00001_Special_00005,chara_ron_00001,4,Special,,,137,0,0,1
e,chara_ron_00101_Normal_00000,chara_ron_00101,0,Normal,,,84,35,100,1
e,chara_ron_00101_Special_00001,chara_ron_00101,0,Special,,,134,72,0,1
e,chara_ron_00101_Special_00002,chara_ron_00101,1,Special,,,134,72,0,1
e,chara_ron_00101_Special_00003,chara_ron_00101,2,Special,,,134,72,0,1
e,chara_ron_00101_Special_00004,chara_ron_00101,3,Special,,,134,72,0,1
e,chara_ron_00101_Special_00005,chara_ron_00101,4,Special,,,134,72,0,1
e,chara_dos_00101_Normal_00000,chara_dos_00101,0,Normal,,,0,0,55,1
e,chara_dos_00101_Special_00001,chara_dos_00101,0,Special,,,242,75,0,1
e,chara_dos_00101_Special_00002,chara_dos_00101,1,Special,,,242,75,0,1
e,chara_dos_00101_Special_00003,chara_dos_00101,2,Special,,,242,75,0,1
e,chara_dos_00101_Special_00004,chara_dos_00101,3,Special,,,242,75,0,1
e,chara_dos_00101_Special_00005,chara_dos_00101,4,Special,,,242,75,0,1
e,chara_kai_00201_Normal_00000,chara_kai_00201,0,Normal,,,75,38,9000,1
e,chara_kai_00201_Special_00001,chara_kai_00201,0,Special,,,221,0,0,1
e,chara_kai_00201_Special_00002,chara_kai_00201,1,Special,,,221,0,0,1
e,chara_kai_00201_Special_00003,chara_kai_00201,2,Special,,,221,0,0,1
e,chara_kai_00201_Special_00004,chara_kai_00201,3,Special,,,221,0,0,1
e,chara_kai_00201_Special_00005,chara_kai_00201,4,Special,,,221,0,0,1
e,chara_kai_00401_Normal_00000,chara_kai_00401,0,Normal,,,64,22,40,1
e,chara_kai_00401_Special_00001,chara_kai_00401,0,Special,,,134,0,0,1
e,chara_kai_00401_Special_00002,chara_kai_00401,1,Special,,,134,0,0,1
e,chara_kai_00401_Special_00003,chara_kai_00401,2,Special,,,134,0,0,1
e,chara_kai_00401_Special_00004,chara_kai_00401,3,Special,,,134,0,0,1
e,chara_kai_00401_Special_00005,chara_kai_00401,4,Special,,,134,0,0,1
e,chara_kai_00501_Normal_00000,chara_kai_00501,0,Normal,,,99,55,50,1
e,chara_kai_00501_Special_00001,chara_kai_00501,0,Special,,,134,81,0,1
e,chara_kai_00501_Special_00002,chara_kai_00501,1,Special,,,134,81,0,1
e,chara_kai_00501_Special_00003,chara_kai_00501,2,Special,,,134,81,0,1
e,chara_kai_00501_Special_00004,chara_kai_00501,3,Special,,,134,81,0,1
e,chara_kai_00501_Special_00005,chara_kai_00501,4,Special,,,134,81,0,1
e,chara_kai_00601_Normal_00000,chara_kai_00601,0,Normal,,,69,36,100,1
e,chara_kai_00601_Special_00001,chara_kai_00601,0,Special,,,92,47,0,1
e,chara_kai_00601_Special_00002,chara_kai_00601,1,Special,,,92,47,0,1
e,chara_kai_00601_Special_00003,chara_kai_00601,2,Special,,,92,47,0,1
e,chara_kai_00601_Special_00004,chara_kai_00601,3,Special,,,92,47,0,1
e,chara_kai_00601_Special_00005,chara_kai_00601,4,Special,,,92,47,0,1
e,chara_sur_00601_Normal_00000,chara_sur_00601,0,Normal,,,82,38,50,1
e,chara_sur_00601_Special_00001,chara_sur_00601,0,Special,,,167,60,0,1
e,chara_sur_00601_Special_00002,chara_sur_00601,1,Special,,,167,60,0,1
e,chara_sur_00701_Normal_00000,chara_sur_00701,0,Normal,,,54,14,50,1
e,chara_sur_00701_Special_00001,chara_sur_00701,1,Special,,,101,0,0,1
e,chara_sur_00701_Special_00002,chara_sur_00701,2,Special,,,101,0,0,1
e,chara_yuw_00301_Normal_00000,chara_yuw_00301,0,Normal,,,79,0,100,1
e,chara_yuw_00301_Special_00001,chara_yuw_00301,0,Special,,,175,160,0,1
e,chara_yuw_00301_Special_00002,chara_yuw_00301,1,Special,,,175,160,0,1
e,chara_yuw_00301_Special_00003,chara_yuw_00301,2,Special,,,175,160,0,1
e,chara_yuw_00301_Special_00004,chara_yuw_00301,3,Special,,,175,160,0,1
e,chara_yuw_00301_Special_00005,chara_yuw_00301,4,Special,,,175,160,0,1
e,chara_yuw_00301_Special_00006,chara_yuw_00301,5,Special,,,175,160,0,1
e,chara_yuw_00301_Special_00007,chara_yuw_00301,6,Special,,,175,160,0,1
e,chara_yuw_00301_Special_00008,chara_yuw_00301,7,Special,,,175,160,0,1
e,chara_yuw_00301_Special_00009,chara_yuw_00301,8,Special,,,175,160,0,1
e,chara_yuw_00301_Special_00010,chara_yuw_00301,9,Special,,,175,160,0,1
e,chara_dan_00201_Normal_00000,chara_dan_00201,0,Normal,,,75,22,100,1
e,chara_dan_00201_Special_00001,chara_dan_00201,1,Special,,,125,67,0,1
e,chara_dan_00201_Special_00002,chara_dan_00201,2,Special,,,125,67,0,1
e,chara_dan_00201_Special_00003,chara_dan_00201,3,Special,,,125,67,0,1
e,chara_dan_00201_Special_00004,chara_dan_00201,4,Special,,,125,67,0,1
e,chara_dan_00201_Special_00005,chara_dan_00201,5,Special,,,125,67,0,1
e,chara_dan_00301_Normal_00000,chara_dan_00301,0,Normal,,,80,0,100,1
e,chara_dan_00301_Special_00001,chara_dan_00301,0,Special,,,92,15,0,1
e,chara_dan_00301_Special_00002,chara_dan_00301,1,Special,,,92,15,0,1
e,chara_dan_00301_Special_00003,chara_dan_00301,2,Special,,,92,15,0,1
e,chara_dan_00301_Special_00004,chara_dan_00301,3,Special,,,92,15,0,1
e,chara_dan_00301_Special_00005,chara_dan_00301,4,Special,,,92,15,0,1
e,chara_dan_00301_Special_00006,chara_dan_00301,5,Special,,,92,15,0,1
e,chara_dan_00301_Special_00007,chara_dan_00301,6,Special,,,92,15,0,1
e,chara_dan_00301_Special_00008,chara_dan_00301,7,Special,,,92,15,0,1
e,chara_dan_00301_Special_00009,chara_dan_00301,8,Special,,,92,15,0,1
e,chara_dan_00301_Special_00010,chara_dan_00301,9,Special,,,92,15,0,1
e,chara_yuw_00201_Normal_00000,chara_yuw_00201,0,Normal,,,53,17,100,1
e,chara_yuw_00201_Special_00001,chara_yuw_00201,0,Special,,,234,175,0,1
e,chara_yuw_00201_Special_00002,chara_yuw_00201,1,Special,,,234,175,0,1
e,chara_yuw_00201_Special_00003,chara_yuw_00201,2,Special,,,234,175,0,1
e,chara_yuw_00201_Special_00004,chara_yuw_00201,3,Special,,,234,175,0,1
e,chara_yuw_00201_Special_00005,chara_yuw_00201,4,Special,,,234,175,0,1
e,chara_yuw_00401_Normal_00000,chara_yuw_00401,0,Normal,,,59,17,100,1
e,chara_yuw_00401_Special_00001,chara_yuw_00401,0,Special,,,134,82,0,1
e,chara_yuw_00401_Special_00002,chara_yuw_00401,1,Special,,,134,82,0,1
e,chara_yuw_00401_Special_00003,chara_yuw_00401,2,Special,,,134,82,0,1
e,chara_yuw_00401_Special_00004,chara_yuw_00401,3,Special,,,134,82,0,1
e,chara_yuw_00401_Special_00005,chara_yuw_00401,4,Special,,,134,82,0,1
e,chara_yuw_00401_Special_00006,chara_yuw_00401,5,Special,,,134,82,0,1
e,chara_yuw_00401_Special_00007,chara_yuw_00401,6,Special,,,134,82,0,1
e,chara_yuw_00401_Special_00008,chara_yuw_00401,7,Special,,,134,82,0,1
e,chara_yuw_00401_Special_00009,chara_yuw_00401,8,Special,,,134,82,0,1
e,chara_yuw_00401_Special_00010,chara_yuw_00401,9,Special,,,134,82,0,1
e,chara_yuw_00501_Normal_00000,chara_yuw_00501,0,Normal,,,62,22,100,1
e,chara_yuw_00501_Special_00001,chara_yuw_00501,0,Special,,,109,75,0,1
e,chara_yuw_00501_Special_00002,chara_yuw_00501,1,Special,,,109,75,0,1
e,chara_yuw_00501_Special_00003,chara_yuw_00501,2,Special,,,109,75,0,1
e,chara_yuw_00501_Special_00004,chara_yuw_00501,3,Special,,,109,75,0,1
e,chara_yuw_00501_Special_00005,chara_yuw_00501,4,Special,,,109,75,0,1
e,chara_yuw_00501_Special_00006,chara_yuw_00501,5,Special,,,109,75,0,1
e,chara_yuw_00501_Special_00007,chara_yuw_00501,6,Special,,,109,75,0,1
e,chara_yuw_00501_Special_00008,chara_yuw_00501,7,Special,,,109,75,0,1
e,chara_yuw_00501_Special_00009,chara_yuw_00501,8,Special,,,109,75,0,1
e,chara_yuw_00501_Special_00010,chara_yuw_00501,9,Special,,,109,75,0,1
e,chara_yuw_00601_Normal_00000,chara_yuw_00601,0,Normal,,,60,34,100,1
e,chara_yuw_00601_Special_00001,chara_yuw_00601,0,Special,,,92,34,0,1
e,chara_yuw_00601_Special_00002,chara_yuw_00601,1,Special,,,92,34,0,1
e,chara_yuw_00601_Special_00003,chara_yuw_00601,2,Special,,,92,34,0,1
e,chara_yuw_00601_Special_00004,chara_yuw_00601,3,Special,,,92,34,0,1
e,chara_yuw_00601_Special_00005,chara_yuw_00601,4,Special,,,92,34,0,1
e,chara_yuw_00601_Special_00006,chara_yuw_00601,5,Special,,,92,34,0,1
e,chara_yuw_00601_Special_00007,chara_yuw_00601,6,Special,,,92,34,0,1
e,chara_yuw_00601_Special_00008,chara_yuw_00601,7,Special,,,92,34,0,1
e,chara_yuw_00601_Special_00009,chara_yuw_00601,8,Special,,,92,34,0,1
e,chara_yuw_00601_Special_00010,chara_yuw_00601,9,Special,,,92,34,0,1
e,chara_osh_00001_Normal_00001,chara_osh_00001,0,Normal,,,80,22,100,1
e,chara_osh_00001_Special_00001,chara_osh_00001,0,Special,,,162,92,0,1
e,chara_osh_00001_Special_00002,chara_osh_00001,1,Special,,,162,92,0,1
e,chara_osh_00001_Special_00003,chara_osh_00001,2,Special,,,162,92,0,1
e,chara_osh_00001_Special_00004,chara_osh_00001,3,Special,,,162,92,0,1
e,chara_osh_00001_Special_00005,chara_osh_00001,4,Special,,,162,92,0,1
e,chara_osh_00101_Normal_00001,chara_osh_00101,5,Normal,,,50,25,100,1
e,chara_osh_00101_Special_00001,chara_osh_00101,6,Special,,,117,34,0,1
e,chara_osh_00101_Special_00002,chara_osh_00101,7,Special,,,117,34,0,1
e,chara_osh_00101_Special_00003,chara_osh_00101,8,Special,,,117,34,0,1
e,chara_osh_00101_Special_00004,chara_osh_00101,9,Special,,,117,34,0,1
e,chara_osh_00101_Special_00005,chara_osh_00101,0,Special,,,117,34,0,1
e,chara_osh_00201_Normal_00001,chara_osh_00201,0,Normal,,,69,0,100,1
e,chara_osh_00201_Special_00001,chara_osh_00201,1,Special,,,150,83,0,1
e,chara_osh_00201_Special_00002,chara_osh_00201,2,Special,,,150,83,0,1
e,chara_osh_00201_Special_00003,chara_osh_00201,3,Special,,,150,83,0,1
e,chara_osh_00201_Special_00004,chara_osh_00201,4,Special,,,150,83,0,1
e,chara_osh_00201_Special_00004,chara_osh_00201,5,Special,,,150,83,0,1
e,chara_osh_00401_Normal_00001,chara_osh_00401,1,Normal,,,59,25,100,1
e,chara_osh_00401_Special_00001,chara_osh_00401,0,Special,,,124,50,100,1
e,chara_osh_00401_Special_00002,chara_osh_00401,1,Special,,,124,50,100,1
e,chara_osh_00401_Special_00003,chara_osh_00401,2,Special,,,124,50,100,1
e,chara_osh_00401_Special_00004,chara_osh_00401,3,Special,,,124,50,100,1
e,chara_osh_00401_Special_00005,chara_osh_00401,4,Special,,,124,50,100,1
e,chara_dan_00202_Normal_00001,chara_dan_00202,0,Normal,,,69,23,50,1
e,chara_dan_00202_Special_00001,chara_dan_00202,0,Special,,,122,0,0,1
e,chara_dan_00202_Special_00002,chara_dan_00202,1,Special,,,122,0,0,1
e,chara_dan_00202_Special_00003,chara_dan_00202,2,Special,,,122,0,0,1
e,chara_dan_00301_Normal_00001,chara_dan_00301,0,Normal,,,80,0,50,1
e,chara_dan_00301_Special_00002,chara_dan_00301,0,Special,,,92,15,0,1
e,chara_dan_00301_Special_00003,chara_dan_00301,1,Special,,,92,15,0,1
e,chara_dan_00301_Special_00004,chara_dan_00301,2,Special,,,92,15,0,1
e,chara_jig_00401_Normal_00000,chara_jig_00401,0,Normal,,,84,25,50,1
e,chara_jig_00401_Special_00001,chara_jig_00401,1,Special,,,134,79,0,1
e,chara_jig_00401_Special_00002,chara_jig_00401,2,Special,,,134,79,0,1
e,chara_jig_00401_Special_00003,chara_jig_00401,3,Special,,,134,79,0,1
e,chara_jig_00401_Special_00004,chara_jig_00401,4,Special,,,134,79,0,1
e,chara_jig_00401_Special_00005,chara_jig_00401,5,Special,,,134,79,0,1
e,chara_chi_00401_Normal_00000,chara_chi_00401,0,Normal,,,86,28,50,1
e,chara_chi_00401_Special_00001,chara_chi_00401,1,Special,,,184,130,0,1
e,chara_chi_00401_Special_00002,chara_chi_00401,2,Special,,,184,130,0,1
e,chara_chi_00401_Special_00003,chara_chi_00401,3,Special,,,184,130,0,1
e,chara_chi_00401_Special_00004,chara_chi_00401,4,Special,,,184,130,0,1
e,chara_chi_00401_Special_00005,chara_chi_00401,5,Special,,,184,130,0,1
e,chara_chi_00601_Normal_00000,chara_chi_00601,0,Normal,,,65,18,50,1
e,chara_chi_00601_Special_00001,chara_chi_00601,1,Special,,,104,60,0,1
e,chara_chi_00601_Special_00002,chara_chi_00601,2,Special,,,104,60,0,1
e,chara_chi_00601_Special_00003,chara_chi_00601,3,Special,,,104,60,0,1
e,chara_chi_00601_Special_00004,chara_chi_00601,4,Special,,,104,60,0,1
e,chara_chi_00601_Special_00005,chara_chi_00601,5,Special,,,104,60,0,1
e,chara_jig_00701_Normal_00000,chara_jig_00701,0,Normal,,,120,50,100,1
e,chara_jig_00701_Special_00001,chara_jig_00701,1,Special,,,120,50,0,1
e,chara_jig_00701_Special_00002,chara_jig_00701,2,Special,,,120,50,0,1
e,chara_jig_00701_Special_00003,chara_jig_00701,3,Special,,,120,50,0,1
e,chara_jig_00701_Special_00004,chara_jig_00701,4,Special,,,120,50,0,1
e,chara_jig_00701_Special_00005,chara_jig_00701,5,Special,,,120,50,0,1
e,chara_jig_00601_Normal_00000,chara_jig_00601,0,Normal,,,84,30,100,1
e,chara_jig_00601_Special_00001,chara_jig_00601,1,Special,,,134,75,0,1
e,chara_jig_00601_Special_00002,chara_jig_00601,2,Special,,,134,75,0,1
e,chara_jig_00601_Special_00003,chara_jig_00601,3,Special,,,134,75,0,1
e,chara_jig_00601_Special_00004,chara_jig_00601,4,Special,,,134,75,0,1
e,chara_jig_00601_Special_00005,chara_jig_00601,5,Special,,,134,75,0,1
e,chara_chi_00501_Normal_00000,chara_chi_00501,0,Normal,,,59,25,100,1
e,chara_chi_00501_Special_00001,chara_chi_00501,1,Special,,,94,50,0,1
e,chara_chi_00501_Special_00002,chara_chi_00501,2,Special,,,94,50,0,1
e,chara_chi_00501_Special_00003,chara_chi_00501,3,Special,,,94,50,0,1
e,chara_chi_00501_Special_00004,chara_chi_00501,4,Special,,,94,50,0,1
e,chara_chi_00501_Special_00005,chara_chi_00501,5,Special,,,94,50,0,1
e,chara_chi_00801_Normal_00000,chara_chi_00801,0,Normal,,,67,29,100,1
e,chara_chi_00801_Special_00001,chara_chi_00801,1,Special,,,104,46,0,1
e,chara_chi_00801_Special_00002,chara_chi_00801,2,Special,,,104,46,0,1
e,chara_chi_00801_Special_00003,chara_chi_00801,3,Special,,,104,46,0,1
e,chara_chi_00801_Special_00004,chara_chi_00801,4,Special,,,104,46,0,1
e,chara_chi_00801_Special_00005,chara_chi_00801,5,Special,,,104,46,0,1
e,chara_rik_00001_no_buff_normal,chara_rik_00001_no_buff,0,Normal,,,82,47,50,1
e,chara_rik_00001_one_buff_normal,chara_rik_00001_one_buff,0,Normal,,,82,47,50,1
e,chara_rik_00001_everyone_buff_normal,chara_rik_00001_everyone_buff,0,Normal,,,82,47,50,1
e,chara_rik_00101_one_heal_normal,chara_rik_00101_one_heal,0,Normal,,,79,44,50,1
e,chara_rik_00101_everyone_heal_normal,chara_rik_00101_everyone_heal,0,Normal,,,79,44,100,1
e,chara_kai_00401_one_debuff_normal,chara_kai_00401_one_debuff,0,Normal,,,64,22,50,1
e,chara_kai_00401_everyone_debuff_normal,chara_kai_00401_everyone_debuff,0,Normal,,,64,22,50,1
e,e_kai_00301_kai1_advent_Normal_Colorless_Normal_00000,e_kai_00301_kai1_advent_Normal_Colorless,0,Normal,,,50,20,50,1
e,e_kai_00301_kai1_advent_Boss_Red_Normal_00000,e_kai_00301_kai1_advent_Boss_Red,0,Normal,,,50,20,75,1
e,e_kai_00301_kai1_advent_Boss_Red_Appearance_00001,e_kai_00301_kai1_advent_Boss_Red,0,Appearance,,,50,25,0,1
e,e_kai_00301_kai1_advent_Boss_Blue_Normal_00000,e_kai_00301_kai1_advent_Boss_Blue,0,Normal,,,50,20,100,1
e,e_kai_00301_kai1_advent_Boss_Blue_Appearance_00001,e_kai_00301_kai1_advent_Boss_Blue,0,Appearance,,,50,25,0,1
e,e_kai_00101_kai1_advent_Normal_Colorless_Normal_00000,e_kai_00101_kai1_advent_Normal_Colorless,0,Normal,,,62,28,50,1
e,e_kai_00101_kai1_advent_Boss_Red_Normal_00000,e_kai_00101_kai1_advent_Boss_Red,0,Normal,,,62,28,75,1
e,e_kai_00101_kai1_advent_Boss_Red_Appearance_00001,e_kai_00101_kai1_advent_Boss_Red,0,Appearance,,,50,25,0,1
e,e_kai_00101_kai1_advent_Boss_Blue_Normal_00000,e_kai_00101_kai1_advent_Boss_Blue,0,Normal,,,62,28,100,1
e,e_kai_00101_kai1_advent_Boss_Blue_Appearance_00001,e_kai_00101_kai1_advent_Boss_Blue,0,Appearance,,,50,25,0,1
e,e_kai_00001_kai1_advent_Normal_Colorless_Normal_00000,e_kai_00001_kai1_advent_Normal_Colorless,0,Normal,,,117,50,100,1
e,e_kai_00001_kai1_advent_Boss_Red_Normal_00000,e_kai_00001_kai1_advent_Boss_Red,0,Normal,,,117,50,150,1
e,e_kai_00001_kai1_advent_Boss_Red_Appearance_00001,e_kai_00001_kai1_advent_Boss_Red,0,Appearance,,,50,25,0,1
e,e_kai_00001_kai1_advent_Boss_Blue_Normal_00000,e_kai_00001_kai1_advent_Boss_Blue,0,Normal,,,117,50,125,1
e,e_kai_00001_kai1_advent_Boss_Blue_Appearance_00001,e_kai_00001_kai1_advent_Boss_Blue,0,Appearance,,,50,25,0,1
e,e_kai_00401_kai1_advent_Boss_Red_Normal_00000,e_kai_00401_kai1_advent_Boss_Red,0,Normal,,,62,28,25,1
e,e_kai_00401_kai1_advent_Boss_Red_Appearance_00001,e_kai_00401_kai1_advent_Boss_Red,0,Appearance,,,50,25,0,1
e,e_kai_00401_kai1_advent_Boss_Blue_Normal_00000,e_kai_00401_kai1_advent_Boss_Blue,0,Normal,,,62,28,100,1
e,e_spy_00101_general_n_red_atk,e_spy_00101_general_n_red_atk,0,Normal,,,60,25,50,1
e,e_spy_00101_general_n_blue_def,e_spy_00101_general_n_blue_def,0,Normal,,,60,25,50,1
e,e_spy_00101_general_n_yellow_tec,e_spy_00101_general_n_yellow_tec,0,Normal,,,60,25,50,1
e,e_spy_00101_general_n_green_sup,e_spy_00101_general_n_green_sup,0,Normal,,,60,25,50,1
e,e_spy_00101_general_n_colorless_abi,e_spy_00101_general_n_colorless_abi,0,Normal,,,60,25,50,1
e,chara_kai_00101_02_Normal_0,chara_kai_00101_02,0,Normal,,,70,46,100,1
e,chara_kai_00101_02_Special_0,chara_kai_00101_02,0,Special,,,159,30,0,1
e,chara_kai_00101_02_Special_1,chara_kai_00101_02,1,Special,,,159,30,0,1
e,chara_kai_00101_03_Normal_0,chara_kai_00101_03,0,Normal,,,70,46,100,1
e,chara_kai_00101_03_Special_0,chara_kai_00101_03,0,Special,,,159,30,0,1
e,chara_kai_00101_03_Special_1,chara_kai_00101_03,1,Special,,,159,30,0,1
e,chara_kai_00101_04_Normal_0,chara_kai_00101_04,0,Normal,,,70,46,100,1
e,chara_kai_00101_04_Special_0,chara_kai_00101_04,0,Special,,,159,30,0,1
e,chara_kai_00101_04_Special_1,chara_kai_00101_04,1,Special,,,159,30,0,1
e,chara_kai_00101_05_Normal_0,chara_kai_00101_05,0,Normal,,,70,46,100,1
e,chara_kai_00101_05_Special_0,chara_kai_00101_05,0,Special,,,159,30,0,1
e,chara_kai_00101_05_Special_1,chara_kai_00101_05,1,Special,,,159,30,0,1
e,chara_kai_00101_06_Normal_0,chara_kai_00101_06,0,Normal,,,70,46,100,1
e,chara_kai_00101_06_Special_0,chara_kai_00101_06,0,Special,,,159,30,0,1
e,chara_kai_00101_06_Special_1,chara_kai_00101_06,1,Special,,,159,30,0,1
e,chara_kai_00101_07_Normal_0,chara_kai_00101_07,0,Normal,,,70,46,100,1
e,chara_kai_00101_07_Special_0,chara_kai_00101_07,0,Special,,,159,30,0,1
e,chara_kai_00101_07_Special_1,chara_kai_00101_07,1,Special,,,159,30,0,1
e,chara_kai_00101_08_Normal_0,chara_kai_00101_08,0,Normal,,,70,46,100,1
e,chara_kai_00101_08_Special_0,chara_kai_00101_08,0,Special,,,159,30,0,1
e,chara_kai_00101_08_Special_1,chara_kai_00101_08,1,Special,,,159,30,0,1
e,chara_kai_00101_09_Normal_0,chara_kai_00101_09,0,Normal,,,70,46,100,1
e,chara_kai_00101_09_Special_0,chara_kai_00101_09,0,Special,,,159,30,0,1
e,chara_kai_00101_09_Special_1,chara_kai_00101_09,1,Special,,,159,30,0,1
e,chara_kai_00101_10_Normal_0,chara_kai_00101_10,0,Normal,,,70,46,100,1
e,chara_kai_00101_10_Special_0,chara_kai_00101_10,0,Special,,,159,30,0,1
e,chara_kai_00101_10_Special_1,chara_kai_00101_10,1,Special,,,159,30,0,1
e,chara_kai_00101_11_Normal_0,chara_kai_00101_11,0,Normal,,,70,46,100,1
e,chara_kai_00101_11_Special_0,chara_kai_00101_11,0,Special,,,159,30,0,1
e,chara_kai_00101_11_Special_1,chara_kai_00101_11,1,Special,,,159,30,0,1
e,chara_kai_00101_12_Normal_0,chara_kai_00101_12,0,Normal,,,70,46,100,1
e,chara_kai_00101_12_Special_0,chara_kai_00101_12,0,Special,,,159,30,0,1
e,chara_kai_00101_12_Special_1,chara_kai_00101_12,1,Special,,,159,30,0,1
e,chara_kai_00301_01_Normal_0,chara_kai_00301_01,0,Normal,,,102,35,95,1
e,chara_kai_00301_01_Special_0,chara_kai_00301_01,0,Special,,,167,54,0,1
e,chara_kai_00301_01_Special_1,chara_kai_00301_01,1,Special,,,167,54,0,1
e,chara_kai_00301_02_Normal_0,chara_kai_00301_02,0,Normal,,,102,35,95,1
e,chara_kai_00301_02_Special_0,chara_kai_00301_02,0,Special,,,167,54,0,1
e,chara_kai_00301_02_Special_1,chara_kai_00301_02,1,Special,,,167,54,0,1
e,chara_kai_00301_03_Normal_0,chara_kai_00301_03,0,Normal,,,102,35,95,1
e,chara_kai_00301_03_Special_0,chara_kai_00301_03,0,Special,,,167,54,0,1
e,chara_kai_00301_03_Special_1,chara_kai_00301_03,1,Special,,,167,54,0,1
e,chara_kai_00301_04_Normal_0,chara_kai_00301_04,0,Normal,,,102,35,95,1
e,chara_kai_00301_04_Special_0,chara_kai_00301_04,0,Special,,,167,54,0,1
e,chara_kai_00301_04_Special_1,chara_kai_00301_04,1,Special,,,167,54,0,1
e,chara_kai_00301_05_Normal_0,chara_kai_00301_05,0,Normal,,,102,35,95,1
e,chara_kai_00301_05_Special_0,chara_kai_00301_05,0,Special,,,167,54,0,1
e,chara_kai_00301_05_Special_1,chara_kai_00301_05,1,Special,,,167,54,0,1
e,chara_kai_00301_06_Normal_0,chara_kai_00301_06,0,Normal,,,102,35,95,1
e,chara_kai_00301_06_Special_0,chara_kai_00301_06,0,Special,,,167,54,0,1
e,chara_kai_00301_06_Special_1,chara_kai_00301_06,1,Special,,,167,54,0,1
e,chara_kai_00301_07_Normal_0,chara_kai_00301_07,0,Normal,,,102,35,95,1
e,chara_kai_00301_07_Special_0,chara_kai_00301_07,0,Special,,,167,54,0,1
e,chara_kai_00301_07_Special_1,chara_kai_00301_07,1,Special,,,167,54,0,1
e,chara_kai_00301_08_Normal_0,chara_kai_00301_08,0,Normal,,,102,35,95,1
e,chara_kai_00301_08_Special_0,chara_kai_00301_08,0,Special,,,167,54,0,1
e,chara_kai_00301_08_Special_1,chara_kai_00301_08,1,Special,,,167,54,0,1
e,chara_kai_00301_09_Normal_0,chara_kai_00301_09,0,Normal,,,102,35,95,1
e,chara_kai_00301_09_Special_0,chara_kai_00301_09,0,Special,,,167,54,0,1
e,chara_kai_00301_09_Special_1,chara_kai_00301_09,1,Special,,,167,54,0,1
e,chara_kai_00301_10_Normal_0,chara_kai_00301_10,0,Normal,,,102,35,95,1
e,chara_kai_00301_10_Special_0,chara_kai_00301_10,0,Special,,,167,54,0,1
e,chara_kai_00301_10_Special_1,chara_kai_00301_10,1,Special,,,167,54,0,1
e,chara_kai_00301_11_Normal_0,chara_kai_00301_11,0,Normal,,,102,35,95,1
e,chara_kai_00301_11_Special_0,chara_kai_00301_11,0,Special,,,167,54,0,1
e,chara_kai_00301_11_Special_1,chara_kai_00301_11,1,Special,,,167,54,0,1
e,chara_kai_00301_12_Normal_0,chara_kai_00301_12,0,Normal,,,102,35,95,1
e,chara_kai_00301_12_Special_0,chara_kai_00301_12,0,Special,,,167,54,0,1
e,chara_kai_00301_12_Special_1,chara_kai_00301_12,1,Special,,,167,54,0,1
e,chara_sur_00001_01_Normal_0,chara_sur_00001_01,0,Normal,,,59,15,75,1
e,chara_sur_00001_01_Special_0,chara_sur_00001_01,0,Special,,,140,100,0,1
e,chara_sur_00001_01_Special_1,chara_sur_00001_01,1,Special,,,140,100,0,1
e,chara_sur_00001_02_Normal_0,chara_sur_00001_02,0,Normal,,,59,15,75,1
e,chara_sur_00001_02_Special_0,chara_sur_00001_02,0,Special,,,140,100,0,1
e,chara_sur_00001_02_Special_1,chara_sur_00001_02,1,Special,,,140,100,0,1
e,chara_sur_00001_03_Normal_0,chara_sur_00001_03,0,Normal,,,59,15,75,1
e,chara_sur_00001_03_Special_0,chara_sur_00001_03,0,Special,,,140,100,0,1
e,chara_sur_00001_03_Special_1,chara_sur_00001_03,1,Special,,,140,100,0,1
e,chara_sur_00001_04_Normal_0,chara_sur_00001_04,0,Normal,,,59,15,75,1
e,chara_sur_00001_04_Special_0,chara_sur_00001_04,0,Special,,,140,100,0,1
e,chara_sur_00001_04_Special_1,chara_sur_00001_04,1,Special,,,140,100,0,1
e,chara_sur_00001_05_Normal_0,chara_sur_00001_05,0,Normal,,,59,15,75,1
e,chara_sur_00001_05_Special_0,chara_sur_00001_05,0,Special,,,140,100,0,1
e,chara_sur_00001_05_Special_1,chara_sur_00001_05,1,Special,,,140,100,0,1
e,chara_sur_00001_06_Normal_0,chara_sur_00001_06,0,Normal,,,59,15,75,1
e,chara_sur_00001_06_Special_0,chara_sur_00001_06,0,Special,,,140,100,0,1
e,chara_sur_00001_06_Special_1,chara_sur_00001_06,1,Special,,,140,100,0,1
e,chara_sur_00001_07_Normal_0,chara_sur_00001_07,0,Normal,,,59,15,75,1
e,chara_sur_00001_07_Special_0,chara_sur_00001_07,0,Special,,,140,100,0,1
e,chara_sur_00001_07_Special_1,chara_sur_00001_07,1,Special,,,140,100,0,1
e,chara_sur_00001_08_Normal_0,chara_sur_00001_08,0,Normal,,,59,15,75,1
e,chara_sur_00001_08_Special_0,chara_sur_00001_08,0,Special,,,140,100,0,1
e,chara_sur_00001_08_Special_1,chara_sur_00001_08,1,Special,,,140,100,0,1
e,chara_sum_00101_01_Normal_0,chara_sum_00101_01,0,Normal,,,57,25,90,1
e,chara_sum_00101_01_Special_0,chara_sum_00101_01,0,Special,,,110,50,0,1
e,chara_sum_00101_01_Special_1,chara_sum_00101_01,1,Special,,,110,50,0,1
e,chara_sum_00101_02_Normal_0,chara_sum_00101_02,0,Normal,,,57,25,90,1
e,chara_sum_00101_02_Special_0,chara_sum_00101_02,0,Special,,,110,50,0,1
e,chara_sum_00101_02_Special_1,chara_sum_00101_02,1,Special,,,110,50,0,1
e,chara_sum_00101_03_Normal_0,chara_sum_00101_03,0,Normal,,,57,25,90,1
e,chara_sum_00101_03_Special_0,chara_sum_00101_03,0,Special,,,110,50,0,1
e,chara_sum_00101_03_Special_1,chara_sum_00101_03,1,Special,,,110,50,0,1
e,chara_sum_00101_04_Normal_0,chara_sum_00101_04,0,Normal,,,57,25,90,1
e,chara_sum_00101_04_Special_0,chara_sum_00101_04,0,Special,,,110,50,0,1
e,chara_sum_00101_04_Special_1,chara_sum_00101_04,1,Special,,,110,50,0,1
e,chara_sum_00101_05_Normal_0,chara_sum_00101_05,0,Normal,,,57,25,90,1
e,chara_sum_00101_05_Special_0,chara_sum_00101_05,0,Special,,,110,50,0,1
e,chara_sum_00101_05_Special_1,chara_sum_00101_05,1,Special,,,110,50,0,1
e,chara_sum_00101_06_Normal_0,chara_sum_00101_06,0,Normal,,,57,25,90,1
e,chara_sum_00101_06_Special_0,chara_sum_00101_06,0,Special,,,110,50,0,1
e,chara_sum_00101_06_Special_1,chara_sum_00101_06,1,Special,,,110,50,0,1
e,chara_sum_00101_07_Normal_0,chara_sum_00101_07,0,Normal,,,57,25,90,1
e,chara_sum_00101_07_Special_0,chara_sum_00101_07,0,Special,,,110,50,0,1
e,chara_sum_00101_07_Special_1,chara_sum_00101_07,1,Special,,,110,50,0,1
e,chara_sum_00101_08_Normal_0,chara_sum_00101_08,0,Normal,,,57,25,90,1
e,chara_sum_00101_08_Special_0,chara_sum_00101_08,0,Special,,,110,50,0,1
e,chara_sum_00101_08_Special_1,chara_sum_00101_08,1,Special,,,110,50,0,1
e,chara_sum_00101_09_Normal_0,chara_sum_00101_09,0,Normal,,,57,25,90,1
e,chara_sum_00101_09_Special_0,chara_sum_00101_09,0,Special,,,110,50,0,1
e,chara_sum_00101_09_Special_1,chara_sum_00101_09,1,Special,,,110,50,0,1
e,chara_sum_00101_10_Normal_0,chara_sum_00101_10,0,Normal,,,57,25,90,1
e,chara_sum_00101_10_Special_0,chara_sum_00101_10,0,Special,,,110,50,0,1
e,chara_sum_00101_10_Special_1,chara_sum_00101_10,1,Special,,,110,50,0,1
e,chara_yuw_00101_01_Normal_0,chara_yuw_00101_01,0,Normal,,,75,40,50,1
e,chara_yuw_00101_01_Special_0,chara_yuw_00101_01,0,Special,,,175,50,0,1
e,chara_yuw_00101_01_Special_1,chara_yuw_00101_01,1,Special,,,175,50,0,1
e,chara_yuw_00101_02_Normal_0,chara_yuw_00101_02,0,Normal,,,75,40,50,1
e,chara_yuw_00101_02_Special_0,chara_yuw_00101_02,0,Special,,,175,50,0,1
e,chara_yuw_00101_02_Special_1,chara_yuw_00101_02,1,Special,,,175,50,0,1
e,chara_yuw_00101_03_Normal_0,chara_yuw_00101_03,0,Normal,,,75,40,50,1
e,chara_yuw_00101_03_Special_0,chara_yuw_00101_03,0,Special,,,175,50,0,1
e,chara_yuw_00101_03_Special_1,chara_yuw_00101_03,1,Special,,,175,50,0,1
e,chara_yuw_00101_04_Normal_0,chara_yuw_00101_04,0,Normal,,,75,40,50,1
e,chara_yuw_00101_04_Special_0,chara_yuw_00101_04,0,Special,,,175,50,0,1
e,chara_yuw_00101_04_Special_1,chara_yuw_00101_04,1,Special,,,175,50,0,1
e,chara_yuw_00101_05_Normal_0,chara_yuw_00101_05,0,Normal,,,75,40,50,1
e,chara_yuw_00101_05_Special_0,chara_yuw_00101_05,0,Special,,,175,50,0,1
e,chara_yuw_00101_05_Special_1,chara_yuw_00101_05,1,Special,,,175,50,0,1
e,chara_yuw_00101_06_Normal_0,chara_yuw_00101_06,0,Normal,,,75,40,50,1
e,chara_yuw_00101_06_Special_0,chara_yuw_00101_06,0,Special,,,175,50,0,1
e,chara_yuw_00101_06_Special_1,chara_yuw_00101_06,1,Special,,,175,50,0,1
e,chara_yuw_00101_07_Normal_0,chara_yuw_00101_07,0,Normal,,,75,40,50,1
e,chara_yuw_00101_07_Special_0,chara_yuw_00101_07,0,Special,,,175,50,0,1
e,chara_yuw_00101_07_Special_1,chara_yuw_00101_07,1,Special,,,175,50,0,1
e,chara_yuw_00101_08_Normal_0,chara_yuw_00101_08,0,Normal,,,75,40,50,1
e,chara_yuw_00101_08_Special_0,chara_yuw_00101_08,0,Special,,,175,50,0,1
e,chara_yuw_00101_08_Special_1,chara_yuw_00101_08,1,Special,,,175,50,0,1
e,chara_yuw_00101_09_Normal_0,chara_yuw_00101_09,0,Normal,,,75,40,50,1
e,chara_yuw_00101_09_Special_0,chara_yuw_00101_09,0,Special,,,175,50,0,1
e,chara_yuw_00101_09_Special_1,chara_yuw_00101_09,1,Special,,,175,50,0,1
e,chara_yuw_00101_10_Normal_0,chara_yuw_00101_10,0,Normal,,,75,40,50,1
e,chara_yuw_00101_10_Special_0,chara_yuw_00101_10,0,Special,,,175,50,0,1
e,chara_yuw_00101_10_Special_1,chara_yuw_00101_10,1,Special,,,175,50,0,1
e,chara_yuw_00101_11_Normal_0,chara_yuw_00101_11,0,Normal,,,75,40,50,1
e,chara_yuw_00101_11_Special_0,chara_yuw_00101_11,0,Special,,,175,50,0,1
e,chara_yuw_00101_11_Special_1,chara_yuw_00101_11,1,Special,,,175,50,0,1
e,chara_yuw_00101_12_Normal_0,chara_yuw_00101_12,0,Normal,,,75,40,50,1
e,chara_yuw_00101_12_Special_0,chara_yuw_00101_12,0,Special,,,175,50,0,1
e,chara_yuw_00101_12_Special_1,chara_yuw_00101_12,1,Special,,,175,50,0,1
e,chara_yuw_00101_13_Normal_0,chara_yuw_00101_13,0,Normal,,,75,40,50,1
e,chara_yuw_00101_13_Special_0,chara_yuw_00101_13,0,Special,,,175,50,0,1
e,chara_yuw_00101_13_Special_1,chara_yuw_00101_13,1,Special,,,175,50,0,1
e,chara_yuw_00101_14_Normal_0,chara_yuw_00101_14,0,Normal,,,75,40,50,1
e,chara_yuw_00101_14_Special_0,chara_yuw_00101_14,0,Special,,,175,50,0,1
e,chara_yuw_00101_14_Special_1,chara_yuw_00101_14,1,Special,,,175,50,0,1
e,chara_yuw_00101_15_Normal_0,chara_yuw_00101_15,0,Normal,,,75,40,50,1
e,chara_yuw_00101_15_Special_0,chara_yuw_00101_15,0,Special,,,175,50,0,1
e,chara_yuw_00101_15_Special_1,chara_yuw_00101_15,1,Special,,,175,50,0,1
e,chara_yuw_00101_16_Normal_0,chara_yuw_00101_16,0,Normal,,,75,40,50,1
e,chara_yuw_00101_16_Special_0,chara_yuw_00101_16,0,Special,,,175,50,0,1
e,chara_yuw_00101_16_Special_1,chara_yuw_00101_16,1,Special,,,175,50,0,1
e,chara_yuw_00101_17_Normal_0,chara_yuw_00101_17,0,Normal,,,75,40,50,1
e,chara_yuw_00101_17_Special_0,chara_yuw_00101_17,0,Special,,,175,50,0,1
e,chara_yuw_00101_17_Special_1,chara_yuw_00101_17,1,Special,,,175,50,0,1
e,chara_yuw_00101_18_Normal_0,chara_yuw_00101_18,0,Normal,,,75,40,50,1
e,chara_yuw_00101_18_Special_0,chara_yuw_00101_18,0,Special,,,175,50,0,1
e,chara_yuw_00101_18_Special_1,chara_yuw_00101_18,1,Special,,,175,50,0,1
e,chara_tak_00001_01_Normal_0,chara_tak_00001_01,0,Normal,,,50,22,50,1
e,chara_tak_00001_01_Special_0,chara_tak_00001_01,0,Special,,,167,38,0,1
e,chara_tak_00001_01_Special_1,chara_tak_00001_01,1,Special,,,167,38,0,1
e,chara_tak_00001_02_Normal_0,chara_tak_00001_02,0,Normal,,,50,22,50,1
e,chara_tak_00001_02_Special_0,chara_tak_00001_02,0,Special,,,167,38,0,1
e,chara_tak_00001_02_Special_1,chara_tak_00001_02,1,Special,,,167,38,0,1
e,chara_tak_00001_03_Normal_0,chara_tak_00001_03,0,Normal,,,50,22,50,1
e,chara_tak_00001_03_Special_0,chara_tak_00001_03,0,Special,,,167,38,0,1
e,chara_tak_00001_03_Special_1,chara_tak_00001_03,1,Special,,,167,38,0,1
e,chara_tak_00001_04_Normal_0,chara_tak_00001_04,0,Normal,,,50,22,50,1
e,chara_tak_00001_04_Special_0,chara_tak_00001_04,0,Special,,,167,38,0,1
e,chara_tak_00001_04_Special_1,chara_tak_00001_04,1,Special,,,167,38,0,1
e,chara_tak_00001_05_Normal_0,chara_tak_00001_05,0,Normal,,,50,22,50,1
e,chara_tak_00001_05_Special_0,chara_tak_00001_05,0,Special,,,167,38,0,1
e,chara_tak_00001_05_Special_1,chara_tak_00001_05,1,Special,,,167,38,0,1
e,chara_tak_00001_06_Normal_0,chara_tak_00001_06,0,Normal,,,50,22,50,1
e,chara_tak_00001_06_Special_0,chara_tak_00001_06,0,Special,,,167,38,0,1
e,chara_tak_00001_06_Special_1,chara_tak_00001_06,1,Special,,,167,38,0,1
e,chara_tak_00001_07_Normal_0,chara_tak_00001_07,0,Normal,,,50,22,50,1
e,chara_tak_00001_07_Special_0,chara_tak_00001_07,0,Special,,,167,38,0,1
e,chara_tak_00001_07_Special_1,chara_tak_00001_07,1,Special,,,167,38,0,1
e,chara_tak_00001_08_Normal_0,chara_tak_00001_08,0,Normal,,,50,22,50,1
e,chara_tak_00001_08_Special_0,chara_tak_00001_08,0,Special,,,167,38,0,1
e,chara_tak_00001_08_Special_1,chara_tak_00001_08,1,Special,,,167,38,0,1
e,chara_tak_00001_09_Normal_0,chara_tak_00001_09,0,Normal,,,50,22,50,1
e,chara_tak_00001_09_Special_0,chara_tak_00001_09,0,Special,,,167,38,0,1
e,chara_tak_00001_09_Special_1,chara_tak_00001_09,1,Special,,,167,38,0,1
e,chara_tak_00001_10_Normal_0,chara_tak_00001_10,0,Normal,,,50,22,50,1
e,chara_tak_00001_10_Special_0,chara_tak_00001_10,0,Special,,,167,38,0,1
e,chara_tak_00001_10_Special_1,chara_tak_00001_10,1,Special,,,167,38,0,1
e,chara_tak_00001_11_Normal_0,chara_tak_00001_11,0,Normal,,,50,22,50,1
e,chara_tak_00001_11_Special_0,chara_tak_00001_11,0,Special,,,167,38,0,1
e,chara_tak_00001_11_Special_1,chara_tak_00001_11,1,Special,,,167,38,0,1
e,chara_tak_00001_12_Normal_0,chara_tak_00001_12,0,Normal,,,50,22,50,1
e,chara_tak_00001_12_Special_0,chara_tak_00001_12,0,Special,,,167,38,0,1
e,chara_tak_00001_12_Special_1,chara_tak_00001_12,1,Special,,,167,38,0,1
e,chara_dan_00101_01_Normal_0,chara_dan_00101_01,0,Normal,,,50,25,75,1
e,chara_dan_00101_01_Special_0,chara_dan_00101_01,0,Special,,,100,50,0,1
e,chara_dan_00101_01_Special_1,chara_dan_00101_01,1,Special,,,100,50,0,1
e,chara_dan_00101_02_Normal_0,chara_dan_00101_02,0,Normal,,,50,25,75,1
e,chara_dan_00101_02_Special_0,chara_dan_00101_02,0,Special,,,100,50,0,1
e,chara_dan_00101_02_Special_1,chara_dan_00101_02,1,Special,,,100,50,0,1
e,chara_dan_00101_03_Normal_0,chara_dan_00101_03,0,Normal,,,50,25,75,1
e,chara_dan_00101_03_Special_0,chara_dan_00101_03,0,Special,,,100,50,0,1
e,chara_dan_00101_03_Special_1,chara_dan_00101_03,1,Special,,,100,50,0,1
e,chara_dan_00101_04_Normal_0,chara_dan_00101_04,0,Normal,,,50,25,75,1
e,chara_dan_00101_04_Special_0,chara_dan_00101_04,0,Special,,,100,50,0,1
e,chara_dan_00101_04_Special_1,chara_dan_00101_04,1,Special,,,100,50,0,1
e,chara_dan_00101_05_Normal_0,chara_dan_00101_05,0,Normal,,,50,25,75,1
e,chara_dan_00101_05_Special_0,chara_dan_00101_05,0,Special,,,100,50,0,1
e,chara_dan_00101_05_Special_1,chara_dan_00101_05,1,Special,,,100,50,0,1
e,chara_dan_00101_06_Normal_0,chara_dan_00101_06,0,Normal,,,50,25,75,1
e,chara_dan_00101_06_Special_0,chara_dan_00101_06,0,Special,,,100,50,0,1
e,chara_dan_00101_06_Special_1,chara_dan_00101_06,1,Special,,,100,50,0,1
e,chara_dan_00101_07_Normal_0,chara_dan_00101_07,0,Normal,,,50,25,75,1
e,chara_dan_00101_07_Special_0,chara_dan_00101_07,0,Special,,,100,50,0,1
e,chara_dan_00101_07_Special_1,chara_dan_00101_07,1,Special,,,100,50,0,1
e,chara_dan_00101_08_Normal_0,chara_dan_00101_08,0,Normal,,,50,25,75,1
e,chara_dan_00101_08_Special_0,chara_dan_00101_08,0,Special,,,100,50,0,1
e,chara_dan_00101_08_Special_1,chara_dan_00101_08,1,Special,,,100,50,0,1
e,chara_dan_00101_09_Normal_0,chara_dan_00101_09,0,Normal,,,50,25,75,1
e,chara_dan_00101_09_Special_0,chara_dan_00101_09,0,Special,,,100,50,0,1
e,chara_dan_00101_09_Special_1,chara_dan_00101_09,1,Special,,,100,50,0,1
e,chara_dan_00101_10_Normal_0,chara_dan_00101_10,0,Normal,,,50,25,75,1
e,chara_dan_00101_10_Special_0,chara_dan_00101_10,0,Special,,,100,50,0,1
e,chara_dan_00101_10_Special_1,chara_dan_00101_10,1,Special,,,100,50,0,1
e,chara_dan_00101_11_Normal_0,chara_dan_00101_11,0,Normal,,,50,25,75,1
e,chara_dan_00101_11_Special_0,chara_dan_00101_11,0,Special,,,100,50,0,1
e,chara_dan_00101_11_Special_1,chara_dan_00101_11,1,Special,,,100,50,0,1
e,chara_dan_00101_12_Normal_0,chara_dan_00101_12,0,Normal,,,50,25,75,1
e,chara_dan_00101_12_Special_0,chara_dan_00101_12,0,Special,,,100,50,0,1
e,chara_dan_00101_12_Special_1,chara_dan_00101_12,1,Special,,,100,50,0,1
e,chara_dan_00101_13_Normal_0,chara_dan_00101_13,0,Normal,,,50,25,75,1
e,chara_dan_00101_13_Special_0,chara_dan_00101_13,0,Special,,,100,50,0,1
e,chara_dan_00101_13_Special_1,chara_dan_00101_13,1,Special,,,100,50,0,1
e,e_dan_00301_general_n_Normal_0,e_dan_00301_general_n,0,Normal,,,60,14,100,1
e,e_jig_00601_general_n_Normal_0,e_jig_00601_general_n,0,Normal,,,75,38,100,1
e,chara_you_00301_Normal_00000,chara_you_00301,0,Normal,,,89,35,75,1
e,chara_you_00301_Special_00001,chara_you_00301,1,Special,,,184,110,0,1
e,chara_you_00301_Special_00002,chara_you_00301,2,Special,,,184,110,0,1
e,chara_you_00301_Special_00003,chara_you_00301,3,Special,,,184,110,0,1
e,chara_you_00301_Special_00004,chara_you_00301,4,Special,,,184,110,0,1
e,chara_you_00301_Special_00005,chara_you_00301,5,Special,,,184,110,0,1
e,chara_you_00001_Normal_00000,chara_you_00001,0,Normal,,,67,23,75,1
e,chara_you_00001_Special_00001,chara_you_00001,1,Special,,,89,0,0,1
e,chara_you_00001_Special_00002,chara_you_00001,2,Special,,,89,0,0,1
e,chara_you_00001_Special_00003,chara_you_00001,3,Special,,,89,0,0,1
e,chara_you_00001_Special_00004,chara_you_00001,4,Special,,,89,0,0,1
e,chara_you_00001_Special_00005,chara_you_00001,5,Special,,,89,0,0,1
e,chara_you_00101_Normal_00000,chara_you_00101,0,Normal,,,82,33,75,1
e,chara_you_00101_Special_00001,chara_you_00101,1,Special,,,179,0,0,1
e,chara_you_00101_Special_00002,chara_you_00101,2,Special,,,179,0,0,1
e,chara_you_00101_Special_00003,chara_you_00101,3,Special,,,179,0,0,1
e,chara_you_00101_Special_00004,chara_you_00101,4,Special,,,179,0,0,1
e,chara_you_00101_Special_00005,chara_you_00101,5,Special,,,179,0,0,1
e,chara_you_00201_Normal_00000,chara_you_00201,0,Normal,,,84,32,75,1
e,chara_you_00201_Special_00001,chara_you_00201,1,Special,,,159,0,0,1
e,chara_you_00201_Special_00002,chara_you_00201,2,Special,,,159,0,0,1
e,chara_you_00201_Special_00003,chara_you_00201,3,Special,,,159,0,0,1
e,chara_you_00201_Special_00004,chara_you_00201,4,Special,,,159,0,0,1
e,chara_you_00201_Special_00005,chara_you_00201,5,Special,,,159,0,0,1
e,chara_gom_00701_Normal_00000,chara_gom_00701,0,Normal,,,79,21,75,1
e,chara_gom_00701_Special_00001,chara_gom_00701,1,Special,,,114,46,0,1
e,chara_gom_00701_Special_00002,chara_gom_00701,2,Special,,,114,46,0,1
e,chara_gom_00701_Special_00003,chara_gom_00701,3,Special,,,114,46,0,1
e,chara_gom_00701_Special_00004,chara_gom_00701,4,Special,,,114,46,0,1
e,chara_gom_00701_Special_00005,chara_gom_00701,5,Special,,,114,46,0,1
e,chara_gom_00301_Normal_00000,chara_gom_00301,0,Normal,,,69,28,75,1
e,chara_gom_00301_Special_00001,chara_gom_00301,1,Special,,,134,75,0,1
e,chara_gom_00301_Special_00002,chara_gom_00301,2,Special,,,134,75,0,1
e,chara_gom_00301_Special_00003,chara_gom_00301,3,Special,,,134,75,0,1
e,chara_gom_00301_Special_00004,chara_gom_00301,4,Special,,,134,75,0,1
e,chara_gom_00301_Special_00005,chara_gom_00301,5,Special,,,134,75,0,1
e,chara_gom_00401_Normal_00000,chara_gom_00401,0,Normal,,,125,50,75,1
e,chara_gom_00401_Special_00001,chara_gom_00401,1,Special,,,125,50,0,1
e,chara_gom_00401_Special_00002,chara_gom_00401,2,Special,,,125,50,0,1
e,chara_gom_00401_Special_00003,chara_gom_00401,3,Special,,,125,50,0,1
e,chara_gom_00401_Special_00004,chara_gom_00401,4,Special,,,125,50,0,1
e,chara_gom_00401_Special_00005,chara_gom_00401,5,Special,,,125,50,0,1
e,chara_chi_00701_Normal_00000,chara_chi_00701,0,Normal,,,60,14,75,1
e,chara_chi_00701_Special_00001,chara_chi_00701,1,Special,,,114,43,0,1
e,chara_chi_00701_Special_00002,chara_chi_00701,2,Special,,,114,43,0,1
e,chara_chi_00701_Special_00003,chara_chi_00701,3,Special,,,114,43,0,1
e,chara_chi_00701_Special_00004,chara_chi_00701,4,Special,,,114,43,0,1
e,chara_chi_00701_Special_00005,chara_chi_00701,5,Special,,,114,43,0,1
e,chara_jig_00501_Normal_00000,chara_jig_00501,0,Normal,,,80,20,75,1
e,chara_jig_00501_Special_00001,chara_jig_00501,1,Special,,,167,84,0,1
e,chara_jig_00501_Special_00002,chara_jig_00501,2,Special,,,167,84,0,1
e,chara_jig_00501_Special_00003,chara_jig_00501,3,Special,,,167,84,0,1
e,chara_jig_00501_Special_00004,chara_jig_00501,4,Special,,,167,84,0,1
e,chara_jig_00501_Special_00005,chara_jig_00501,5,Special,,,167,84,0,1
e,chara_mag_00501_Normal_00000,chara_mag_00501,0,Normal,,,0,0,75,1
e,chara_mag_00501_Special_00001,chara_mag_00501,1,Special,,,117,38,0,1
e,chara_mag_00501_Special_00002,chara_mag_00501,2,Special,,,117,38,0,1
e,chara_mag_00501_Special_00003,chara_mag_00501,3,Special,,,117,38,0,1
e,chara_mag_00501_Special_00004,chara_mag_00501,4,Special,,,117,38,0,1
e,chara_mag_00501_Special_00005,chara_mag_00501,5,Special,,,117,38,0,1
e,chara_mag_00301_Normal_00000,chara_mag_00301,0,Normal,,,80,30,75,1
e,chara_mag_00301_Special_00001,chara_mag_00301,1,Special,,,125,50,0,1
e,chara_mag_00301_Special_00002,chara_mag_00301,2,Special,,,125,50,0,1
e,chara_mag_00301_Special_00003,chara_mag_00301,3,Special,,,125,50,0,1
e,chara_mag_00301_Special_00004,chara_mag_00301,4,Special,,,125,50,0,1
e,chara_mag_00301_Special_00005,chara_mag_00301,5,Special,,,125,50,0,1
e,chara_mag_00201_Normal_00000,chara_mag_00201,0,Normal,,,59,21,75,1
e,chara_mag_00201_Special_00001,chara_mag_00201,1,Special,,,136,0,0,1
e,chara_mag_00201_Special_00002,chara_mag_00201,2,Special,,,136,0,0,1
e,chara_mag_00201_Special_00003,chara_mag_00201,3,Special,,,136,0,0,1
e,chara_mag_00201_Special_00004,chara_mag_00201,4,Special,,,136,0,0,1
e,chara_mag_00201_Special_00005,chara_mag_00201,5,Special,,,136,0,0,1
e,chara_mag_00401_Normal_00000,chara_mag_00401,0,Normal,,,66,30,75,1
e,chara_mag_00401_Special_00001,chara_mag_00401,1,Special,,,94,31,0,1
e,chara_mag_00401_Special_00002,chara_mag_00401,2,Special,,,94,31,0,1
e,chara_mag_00401_Special_00003,chara_mag_00401,3,Special,,,94,31,0,1
e,chara_mag_00401_Special_00004,chara_mag_00401,4,Special,,,94,31,0,1
e,chara_mag_00401_Special_00005,chara_mag_00401,5,Special,,,94,31,0,1
e,chara_dan_00501_Normal_00000,chara_dan_00501,0,Normal,,,80,46,75,1
e,chara_dan_00501_Special_00001,chara_dan_00501,1,Special,,,134,53,0,1
e,chara_dan_00501_Special_00002,chara_dan_00501,2,Special,,,134,53,0,1
e,chara_dan_00501_Special_00003,chara_dan_00501,3,Special,,,134,53,0,1
e,chara_dan_00501_Special_00004,chara_dan_00501,4,Special,,,134,53,0,1
e,chara_dan_00501_Special_00005,chara_dan_00501,5,Special,,,134,53,0,1
e,chara_osh_00701_Normal_00000,chara_osh_00701,0,Normal,,,107,30,75,1
e,chara_osh_00701_Special_00001,chara_osh_00701,1,Special,,,107,30,0,1
e,chara_osh_00701_Special_00002,chara_osh_00701,2,Special,,,107,30,0,1
e,chara_osh_00701_Special_00003,chara_osh_00701,3,Special,,,107,30,0,1
e,chara_osh_00701_Special_00004,chara_osh_00701,4,Special,,,107,30,0,1
e,chara_osh_00701_Special_00005,chara_osh_00701,5,Special,,,107,30,0,1
e,chara_spy_00002_Normal_00000,chara_spy_00002,0,Normal,,,120,52,75,1
e,chara_spy_00002_Special_00001,chara_spy_00002,1,Special,,,120,52,0,1
e,chara_spy_00002_Special_00002,chara_spy_00002,2,Special,,,120,52,0,1
e,chara_spy_00002_Special_00003,chara_spy_00002,3,Special,,,120,52,0,1
e,chara_spy_00002_Special_00004,chara_spy_00002,4,Special,,,120,52,0,1
e,chara_spy_00002_Special_00005,chara_spy_00002,5,Special,,,120,52,0,1
e,chara_kim_00201_Normal_00000,chara_kim_00201,0,Normal,,,69,10,75,1
e,chara_kim_00201_Special_00001,chara_kim_00201,1,Special,,,120,60,0,1
e,chara_kim_00201_Special_00002,chara_kim_00201,2,Special,,,120,60,0,1
e,chara_kim_00201_Special_00003,chara_kim_00201,3,Special,,,120,60,0,1
e,chara_kim_00201_Special_00004,chara_kim_00201,4,Special,,,120,60,0,1
e,chara_kim_00201_Special_00005,chara_kim_00201,5,Special,,,120,60,0,1
e,chara_kim_00001_Normal_00000,chara_kim_00001,0,Normal,,,65,34,75,1
e,chara_kim_00001_Special_00001,chara_kim_00001,1,Special,,,125,0,0,1
e,chara_kim_00001_Special_00002,chara_kim_00001,2,Special,,,125,0,0,1
e,chara_kim_00001_Special_00003,chara_kim_00001,3,Special,,,125,0,0,1
e,chara_kim_00001_Special_00004,chara_kim_00001,4,Special,,,125,0,0,1
e,chara_kim_00001_Special_00005,chara_kim_00001,5,Special,,,125,0,0,1
e,chara_kim_00101_Normal_00000,chara_kim_00101,0,Normal,,,62,13,75,1
e,chara_kim_00101_Special_00001,chara_kim_00101,1,Special,,,175,0,0,1
e,chara_kim_00101_Special_00002,chara_kim_00101,2,Special,,,175,0,0,1
e,chara_kim_00101_Special_00003,chara_kim_00101,3,Special,,,175,0,0,1
e,chara_kim_00101_Special_00004,chara_kim_00101,4,Special,,,175,0,0,1
e,chara_kim_00101_Special_00005,chara_kim_00101,5,Special,,,175,0,0,1
e,chara_kim_00301_Normal_00000,chara_kim_00301,0,Normal,,,88,39,75,1
e,chara_kim_00301_Special_00001,chara_kim_00301,1,Special,,,180,60,0,1
e,chara_kim_00301_Special_00002,chara_kim_00301,2,Special,,,180,60,0,1
e,chara_kim_00301_Special_00003,chara_kim_00301,3,Special,,,180,60,0,1
e,chara_kim_00301_Special_00004,chara_kim_00301,4,Special,,,180,60,0,1
e,chara_kim_00301_Special_00005,chara_kim_00301,5,Special,,,180,60,0,1
e,chara_yuw_00102_Normal_00000,chara_yuw_00102,0,Normal,,,84,25,75,1
e,chara_yuw_00102_Special_00001,chara_yuw_00102,1,Special,,,175,100,0,1
e,chara_yuw_00102_Special_00002,chara_yuw_00102,2,Special,,,175,100,0,1
e,chara_yuw_00102_Special_00003,chara_yuw_00102,3,Special,,,175,100,0,1
e,chara_yuw_00102_Special_00004,chara_yuw_00102,4,Special,,,175,100,0,1
e,chara_yuw_00102_Special_00005,chara_yuw_00102,5,Special,,,175,100,0,1
e,chara_gom_00601_Normal_00000,chara_gom_00601,0,Normal,,,69,17,75,1
e,chara_gom_00601_Special_00001,chara_gom_00601,1,Special,,,117,0,0,1
e,chara_gom_00601_Special_00002,chara_gom_00601,2,Special,,,117,0,0,1
e,chara_gom_00601_Special_00003,chara_gom_00601,3,Special,,,117,0,0,1
e,chara_gom_00601_Special_00004,chara_gom_00601,4,Special,,,117,0,0,1
e,chara_gom_00601_Special_00005,chara_gom_00601,5,Special,,,117,0,0,1
e,chara_hut_00101_Normal_00000,chara_hut_00101,0,Normal,,,79,38,75,1
e,chara_hut_00101_Special_00001,chara_hut_00101,1,Special,,,129,0,0,1
e,chara_hut_00101_Special_00002,chara_hut_00101,2,Special,,,129,0,0,1
e,chara_hut_00101_Special_00003,chara_hut_00101,3,Special,,,129,0,0,1
e,chara_hut_00101_Special_00004,chara_hut_00101,4,Special,,,129,0,0,1
e,chara_hut_00101_Special_00005,chara_hut_00101,5,Special,,,129,0,0,1
e,chara_hut_00301_Normal_00000,chara_hut_00301,0,Normal,,,67,17,75,1
e,chara_hut_00301_Special_00001,chara_hut_00301,1,Special,,,121,0,0,1
e,chara_hut_00301_Special_00002,chara_hut_00301,2,Special,,,121,0,0,1
e,chara_hut_00301_Special_00003,chara_hut_00301,3,Special,,,121,0,0,1
e,chara_hut_00301_Special_00004,chara_hut_00301,4,Special,,,121,0,0,1
e,chara_hut_00301_Special_00005,chara_hut_00301,5,Special,,,121,0,0,1
e,chara_hut_00001_Normal_00000,chara_hut_00001,0,Normal,,,74,8,75,1
e,chara_hut_00001_Special_00001,chara_hut_00001,1,Special,,,140,44,0,1
e,chara_hut_00001_Special_00002,chara_hut_00001,2,Special,,,140,44,0,1
e,chara_hut_00001_Special_00003,chara_hut_00001,3,Special,,,140,44,0,1
e,chara_hut_00001_Special_00004,chara_hut_00001,4,Special,,,140,44,0,1
e,chara_hut_00001_Special_00005,chara_hut_00001,5,Special,,,140,44,0,1
e,chara_hut_00201_Normal_00000,chara_hut_00201,0,Normal,,,60,17,75,1
e,chara_hut_00201_Special_00001,chara_hut_00201,1,Special,,,142,0,0,1
e,chara_hut_00201_Special_00002,chara_hut_00201,2,Special,,,142,0,0,1
e,chara_hut_00201_Special_00003,chara_hut_00201,3,Special,,,142,0,0,1
e,chara_hut_00201_Special_00004,chara_hut_00201,4,Special,,,142,0,0,1
e,chara_hut_00201_Special_00005,chara_hut_00201,5,Special,,,142,0,0,1
e,chara_gom_00501_Normal_00000,chara_gom_00501,0,Normal,,,69,26,75,1
e,chara_gom_00501_Special_00001,chara_gom_00501,1,Special,,,134,0,0,1
e,chara_gom_00501_Special_00002,chara_gom_00501,2,Special,,,134,0,0,1
e,chara_gom_00501_Special_00003,chara_gom_00501,3,Special,,,134,0,0,1
e,chara_gom_00501_Special_00004,chara_gom_00501,4,Special,,,134,0,0,1
e,chara_gom_00501_Special_00005,chara_gom_00501,5,Special,,,134,0,0,1
e,e_glo_00001_general_n_Normal_Colorless_Normal_00000,e_glo_00001_general_n_Normal_Colorless,0,Normal,,,50,25,100,1
e,e_glo_00001_general_n_Normal_Red_Normal_00000,e_glo_00001_general_n_Normal_Red,0,Normal,,,50,25,100,1
e,e_glo_00001_general_n_Normal_Blue_Normal_00000,e_glo_00001_general_n_Normal_Blue,0,Normal,,,50,25,100,1
e,e_glo_00001_general_n_Normal_Yellow_Normal_00000,e_glo_00001_general_n_Normal_Yellow,0,Normal,,,50,25,100,1
e,e_glo_00001_general_n_Normal_Green_Normal_00000,e_glo_00001_general_n_Normal_Green,0,Normal,,,50,25,100,1
e,e_dan_00001_general_n_trans_Normal_Colorless_Normal_00000,e_dan_00001_general_n_trans_Normal_Colorless,0,Normal,,,58,25,100,1
e,e_dan_00001_general_n_trans_Normal_Red_Normal_00000,e_dan_00001_general_n_trans_Normal_Red,0,Normal,,,58,25,100,1
e,e_dan_00001_general_n_trans_Normal_Blue_Normal_00000,e_dan_00001_general_n_trans_Normal_Blue,0,Normal,,,58,25,100,1
e,e_dan_00001_general_n_trans_Normal_Yellow_Normal_00000,e_dan_00001_general_n_trans_Normal_Yellow,0,Normal,,,58,25,100,1
e,e_dan_00001_general_n_trans_Normal_Green_Normal_00000,e_dan_00001_general_n_trans_Normal_Green,0,Normal,,,58,25,100,1
e,e_dan_00001_general_h_trans_Normal_Colorless_Normal_00000,e_dan_00001_general_h_trans_Normal_Colorless,0,Normal,,,58,25,100,1
e,e_dan_00101_general_n_Normal_Colorless_Normal_00000,e_dan_00101_general_n_Normal_Colorless,0,Normal,,,70,35,50,1
e,e_dan_00101_general_n_Normal_Red_Normal_00000,e_dan_00101_general_n_Normal_Red,0,Normal,,,70,35,50,1
e,e_dan_00101_general_n_Normal_Blue_Normal_00000,e_dan_00101_general_n_Normal_Blue,0,Normal,,,70,35,50,1
e,e_dan_00101_general_n_Normal_Yellow_Normal_00000,e_dan_00101_general_n_Normal_Yellow,0,Normal,,,70,35,50,1
e,e_dan_00101_general_n_Normal_Green_Normal_00000,e_dan_00101_general_n_Normal_Green,0,Normal,,,70,35,50,1
e,e_dan_00101_general_h_Normal_Colorless_Normal_00000,e_dan_00101_general_h_Normal_Colorless,0,Normal,,,70,35,50,1
e,c_tak_00001_mainquest_spytrans_loid_Boss_Colorless_Normal_00000,c_tak_00001_mainquest_spytrans_loid_Boss_Colorless,0,Normal,,,50,22,50,1
e,c_tak_00001_mainquest_spytrans_loid_Boss_Colorless_Special_00001,c_tak_00001_mainquest_spytrans_loid_Boss_Colorless,0,Special,,,167,38,0,1
e,c_tak_00001_mainquest_spytrans_loid_Boss_Colorless_Appearance_00002,c_tak_00001_mainquest_spytrans_loid_Boss_Colorless,0,Appearance,,,50,0,0,1
e,c_spy_00101_mainquest_tak_transA2_Normal_Blue_Normal_00001,c_spy_00101_mainquest_tak_transA2_Normal_Blue,0,Normal,,,82,42,100,1
e,c_spy_00101_mainquest_tak_transA2_Normal_Blue_Special_00001,c_spy_00101_mainquest_tak_transA2_Normal_Blue,0,Special,,,125,67,0,1
e,e_glo_00001_general_n_Normal_Colorless_1_Normal_00000,e_glo_00001_general_n_Normal_Colorless_1,0,Normal,,,50,25,100,1
e,e_glo_00001_general_n_Normal_Red_1_Normal_00000,e_glo_00001_general_n_Normal_Red_1,0,Normal,,,50,25,100,1
e,e_glo_00001_general_n_Normal_Blue_1_Normal_00000,e_glo_00001_general_n_Normal_Blue_1,0,Normal,,,50,25,100,1
e,e_glo_00001_general_n_Normal_Yellow_1_Normal_00000,e_glo_00001_general_n_Normal_Yellow_1,0,Normal,,,50,25,100,1
e,e_glo_00001_general_n_Normal_Green_1_Normal_00000,e_glo_00001_general_n_Normal_Green_1,0,Normal,,,50,25,100,1
e,e_glo_00001_general_n_Normal_Colorless_2_Normal_00000,e_glo_00001_general_n_Normal_Colorless_2,0,Normal,,,50,25,100,1
e,e_glo_00001_general_n_Normal_Red_2_Normal_00000,e_glo_00001_general_n_Normal_Red_2,0,Normal,,,50,25,100,1
e,e_glo_00001_general_n_Normal_Blue_2_Normal_00000,e_glo_00001_general_n_Normal_Blue_2,0,Normal,,,50,25,100,1
e,c_tak_00001_mainquest_poison_Colorless_Normal_00000,c_tak_00001_mainquest_poison_Colorless,0,Normal,,,50,22,50,1
e,c_tak_00001_mainquest_poison_Colorless_Special_00001,c_tak_00001_mainquest_poison_Colorless,0,Special,,,167,38,0,1
e,enemy_you_00001_normal_1_Normal_00000,enemy_you_00001_normal_1,0,Normal,,,64,25,75,1
e,enemy_you_00101_normal_1_Normal_00000,enemy_you_00101_normal_1,0,Normal,,,64,28,75,1
e,enemy_mag_00401_normal_1_Normal_00000,enemy_mag_00401_normal_1,0,Normal,,,84,42,75,1
e,enemy_glo_00002_normal_1_Normal_00000,enemy_glo_00002_normal_1,0,Normal,,,59,30,100,1
e,e_spy_00001_frankyget_Normal_Colorless_Normal_00000,e_spy_00001_frankyget_Normal_Colorless,0,Normal,,,50,9,50,1
e,enemy_kim_00001_normal_1_Normal_00000,enemy_kim_00001_normal_1,0,Normal,,,64,10,50,1
e,enemy_hut_00101_Normal_Colorless_Normal_00000,enemy_hut_00101_Normal_Colorless,0,Normal,,,64,13,50,1
e,enemy_hut_00001_Normal_Colorless_Normal_00000,enemy_hut_00001_Normal_Colorless,0,Normal,,,69,26,50,1
e,chara_dan_00601_Normal_00000,chara_dan_00601,0,Normal,,,82,30,50,1
e,chara_dan_00601_Special_00001,chara_dan_00601,0,Special,,,150,95,0,1
e,chara_dan_00601_Special_00002,chara_dan_00601,1,Special,,,150,95,0,1
e,chara_ara_00001_Normal_00000,chara_ara_00001,0,Normal,,,83,18,50,1
e,chara_ara_00001_Special_00001,chara_ara_00001,0,Special,,,161,42,0,1
e,chara_ara_00001_Special_00002,chara_ara_00001,1,Special,,,161,42,0,1
e,chara_aya_00101_Normal_00000,chara_aya_00101,0,Normal,,,83,36,50,1
e,chara_aya_00101_Special_00001,chara_aya_00101,0,Special,,,155,68,0,1
e,chara_aya_00101_Special_00002,chara_aya_00101,1,Special,,,155,68,0,1
e,chara_aya_00301_Normal_00000,chara_aya_00301,0,Normal,,,79,30,50,1
e,chara_aya_00301_Special_00001,chara_aya_00301,0,Special,,,83,0,0,1
e,chara_aya_00301_Special_00002,chara_aya_00301,1,Special,,,83,0,0,1
e,chara_hyp_00001_Normal_00000,chara_hyp_00001,0,Normal,,,95,27,50,1
e,chara_hyp_00001_Special_00001,chara_hyp_00001,0,Special,,,168,43,0,1
e,chara_hyp_00001_Special_00002,chara_hyp_00001,1,Special,,,168,43,0,1
e,chara_gam_00001_Normal_00000,chara_gam_00001,0,Normal,,,65,33,50,1
e,chara_gam_00001_Special_00001,chara_gam_00001,0,Special,,,207,44,0,1
e,chara_gam_00001_Special_00002,chara_gam_00001,1,Special,,,207,44,0,1
e,chara_osh_00801_Normal_00000,chara_osh_00801,0,Normal,,,180,40,75,1
e,chara_osh_00801_Special_00001,chara_osh_00801,0,Special,,,180,40,0,1
e,chara_osh_00801_Special_00002,chara_osh_00801,1,Special,,,180,40,0,1
e,chara_aya_00001_Normal_00000,chara_aya_00001,0,Normal,,,83,33,50,1
e,chara_aya_00001_Special_00001,chara_aya_00001,0,Special,,,165,0,0,1
e,chara_aya_00001_Special_00002,chara_aya_00001,1,Special,,,165,0,0,1
e,chara_aya_00201_Normal_00000,chara_aya_00201,0,Normal,,,80,35,50,1
e,chara_aya_00201_Special_00001,chara_aya_00201,0,Special,,,140,80,0,1
e,chara_aya_00201_Special_00002,chara_aya_00201,1,Special,,,140,80,0,1
e,enemy_aya_00001_Normal_Colorless_Normal_00000,enemy_aya_00001_Normal_Colorless,0,Normal,,,80,38,50,1
e,chara_sur_00901_Normal_00000,chara_sur_00901,0,Normal,,,59,22,50,1
e,chara_sur_00901_Special_00001,chara_sur_00901,0,Special,,,146,66,0,1
e,chara_sur_00901_Special_00002,chara_sur_00901,1,Special,,,146,66,0,1
e,chara_mar_00101_Normal_00000,chara_mar_00101,0,Normal,,,69,33,50,1
e,chara_mar_00101_Special_00001,chara_mar_00101,0,Special,,,140,42,0,1
e,chara_mar_00101_Special_00002,chara_mar_00101,1,Special,,,140,42,0,1
e,chara_sib_00001_Normal_00000,chara_sib_00001,0,Normal,,,67,18,50,1
e,chara_sib_00001_Special_00001,chara_sib_00001,0,Special,,,150,48,0,1
e,chara_sib_00001_Special_00002,chara_sib_00001,1,Special,,,150,48,0,1
e,chara_aka_00201_Normal_00000,chara_aka_00201,0,Normal,,,69,32,50,1
e,chara_aka_00201_Special_00001,chara_aka_00201,0,Special,,,137,30,0,1
e,chara_aka_00201_Special_00002,chara_aka_00201,1,Special,,,137,30,0,1
e,chara_aka_00301_Normal_00000,chara_aka_00301,0,Normal,,,67,28,50,1
e,chara_aka_00301_Special_00001,chara_aka_00301,0,Special,,,127,0,0,1
e,chara_aka_00301_Special_00002,chara_aka_00301,1,Special,,,127,0,0,1
e,chara_nek_00001_Normal_00000,chara_nek_00001,0,Normal,,,69,25,50,1
e,chara_nek_00001_Special_00001,chara_nek_00001,0,Special,,,95,43,0,1
e,chara_nek_00001_Special_00002,chara_nek_00001,1,Special,,,95,43,0,1
e,chara_mar_00001_Normal_00000,chara_mar_00001,0,Normal,,,67,17,50,1
e,chara_mar_00001_Special_00001,chara_mar_00001,0,Special,,,82,60,0,1
e,chara_mar_00001_Special_00002,chara_mar_00001,1,Special,,,82,60,0,1
e,chara_mar_00201_Normal_00000,chara_mar_00201,0,Normal,,,69,30,50,1
e,chara_mar_00201_Special_00001,chara_mar_00201,0,Special,,,126,50,0,1
e,chara_mar_00201_Special_00002,chara_mar_00201,1,Special,,,126,50,0,1
e,chara_mar_00401_Normal_00000,chara_mar_00401,0,Normal,,,112,50,50,1
e,chara_mar_00401_Special_00001,chara_mar_00401,0,Special,,,114,75,0,1
e,chara_mar_00401_Special_00002,chara_mar_00401,1,Special,,,114,75,0,1
e,enemy_mar_00001_Normal_Colorless_Normal_00000,enemy_mar_00001_Normal_Colorless,0,Normal,,,61,0,50,1
